"STATION","DATE","LATITUDE","LONGITUDE","ELEVATION","NAME","TEMP","TEMP_ATTRIBUTES","DEWP","DEWP_ATTRIBUTES","SLP","SLP_ATTRIBUTES","STP","STP_ATTRIBUTES","VISIB","VISIB_ATTRIBUTES","WDSP","WDSP_ATTRIBUTES","MXSPD","GUST","MAX","MAX_ATTRIBUTES","MIN","MIN_ATTRIBUTES","PRCP","PRCP_ATTRIBUTES","SNDP","FRSHTT"
"67341099999","2024-01-01","-25.920836","32.572606","44.19","MAPUTO, MZ","  77.3","24","  72.1","24","1014.6"," 7","999.9"," 0","  7.9","24","  6.4","24"," 19.0","999.9","  82.4","*","  72.7"," ","99.99"," ","999.9","010000"
"67341099999","2024-01-02","-25.920836","32.572606","44.19","MAPUTO, MZ","  74.4","24","  68.2","24","1018.0"," 8","999.9"," 0","  7.6","23"," 10.0","24"," 14.0","999.9","  79.2","*","  68.0","*","99.99"," ","999.9","010000"
"67341099999","2024-01-03","-25.920836","32.572606","44.19","MAPUTO, MZ","  76.8","24","  65.0","24","1014.0"," 7","999.9"," 0","  8.0","24","  6.9","24","  9.9","999.9","  83.3","*","  67.1"," "," 0.00","I","999.9","000000"
"67341099999","2024-01-04","-25.920836","32.572606","44.19","MAPUTO, MZ","  78.3","24","  67.3","24","1015.4"," 8","999.9"," 0","  8.3","24","  7.4","21"," 11.1","999.9","  83.3","*","  65.7"," "," 0.00","I","999.9","000000"
"67341099999","2024-01-05","-25.920836","32.572606","44.19","MAPUTO, MZ","  77.4","24","  65.3","24","1016.8"," 8","999.9"," 0","  8.3","24","  7.5","24"," 14.0","999.9","  84.4","*","  67.6"," "," 0.00","I","999.9","000000"
"67341099999","2024-01-06","-25.920836","32.572606","44.19","MAPUTO, MZ","  79.7","24","  69.1","24","1014.3"," 7","999.9"," 0","  8.0","24","  8.3","24"," 15.0","999.9","  87.8","*","  70.9"," "," 0.00","I","999.9","000000"
"67341099999","2024-01-07","-25.920836","32.572606","44.19","MAPUTO, MZ","  81.0","24","  70.9","24","1013.1"," 5","999.9"," 0","  7.8","24","  9.7","24"," 15.0","999.9","  87.8","*","  72.1"," "," 0.00","I","999.9","000000"
"67341099999","2024-01-08","-25.920836","32.572606","44.19","MAPUTO, MZ","  81.3","24","  68.1","24","1013.6"," 7","999.9"," 0","  8.0","24","  6.7","24"," 14.0","999.9","  89.6","*","  73.4","*"," 0.00","I","999.9","000000"
"67341099999","2024-01-09","-25.920836","32.572606","44.19","MAPUTO, MZ","  80.6","24","  68.0","23","1013.0"," 8","999.9"," 0","  8.5","24","  6.5","23"," 12.0"," 22.0","  89.6","*","  71.1","*"," 0.00","I","999.9","000000"
"67341099999","2024-01-10","-25.920836","32.572606","44.19","MAPUTO, MZ","  81.1","24","  70.5","24","1011.1"," 7","999.9"," 0","  8.0","24","  6.0","24"," 13.0","999.9","  89.6","*","  74.7"," "," 0.00","I","999.9","000000"
"67341099999","2024-01-11","-25.920836","32.572606","44.19","MAPUTO, MZ","  82.4","24","  73.9","24","1009.8"," 8","999.9"," 0","  8.8","24","  6.1","17"," 14.0","999.9","  91.4","*","  73.4","*","99.99"," ","999.9","010010"
"67341099999","2024-01-12","-25.920836","32.572606","44.19","MAPUTO, MZ","  82.1","23","  73.7","23","1011.0"," 8","999.9"," 0","  8.4","23","  6.1"," 9","  9.9","999.9","  89.6","*","  73.4","*"," 0.00","I","999.9","000000"
"67341099999","2024-01-13","-25.920836","32.572606","44.19","MAPUTO, MZ","  83.9","23","  74.6","23","1010.9"," 7","999.9"," 0","  8.1","23","  6.1","20"," 12.0","999.9","  91.4","*","  77.0","*"," 0.00","I","999.9","000000"
"67341099999","2024-01-14","-25.920836","32.572606","44.19","MAPUTO, MZ","  80.7","24","  72.3","24","1011.3"," 6","999.9"," 0","  7.7","24","999.9"," 0","999.9","999.9","  87.8","*","  75.2","*","99.99"," ","999.9","010000"
"67341099999","2024-01-15","-25.920836","32.572606","44.19","MAPUTO, MZ","  85.7","24","  74.8","24","1008.4"," 7","999.9"," 0","  8.4","24","  9.8","16"," 15.9","999.9","  98.6","*","  72.3"," "," 0.00","I","999.9","000000"
"67341099999","2024-01-16","-25.920836","32.572606","44.19","MAPUTO, MZ","  81.6","24","  73.0","24","1010.5"," 8","999.9"," 0","  8.7","24"," 10.1","24"," 14.0","999.9","  87.8","*","  76.8"," "," 0.00","I","999.9","000000"
"67341099999","2024-01-17","-25.920836","32.572606","44.19","MAPUTO, MZ","  76.7","24","  72.9","24","1010.4"," 8","999.9"," 0","  7.8","24","  7.3","24"," 24.1"," 48.0","  81.0","*","  69.8","*","99.99"," ","999.9","010010"
"67341099999","2024-01-18","-25.920836","32.572606","44.19","MAPUTO, MZ","  73.0","24","  65.4","24","1016.4"," 8","999.9"," 0","  7.9","24"," 18.6","24"," 24.1"," 34.0","  78.8","*","  68.0","*","99.99"," ","999.9","010000"
"67341099999","2024-01-19","-25.920836","32.572606","44.19","MAPUTO, MZ","  73.2","24","  62.7","24","1018.5"," 8","999.9"," 0","  8.3","24"," 15.1","24"," 22.0"," 32.1","  82.4","*","  66.2","*","99.99"," ","999.9","010000"
"67341099999","2024-01-20","-25.920836","32.572606","44.19","MAPUTO, MZ","  77.0","23","  63.2","23","1017.4"," 7","999.9"," 0","  8.1","23"," 15.5","13"," 19.0","999.9","  82.4","*","  67.6"," "," 0.00","I","999.9","000000"
"67341099999","2024-01-21","-25.920836","32.572606","44.19","MAPUTO, MZ","  76.7","24","  67.5","24","1013.9"," 8","999.9"," 0","  8.3","24","999.9"," 0","999.9","999.9","  84.6","*","  62.6"," "," 0.00","I","999.9","000000"
"67341099999","2024-01-22","-25.920836","32.572606","44.19","MAPUTO, MZ","  79.8","23","  69.8","23","1015.0"," 8","999.9"," 0","  8.4","23"," 10.5","10"," 14.0","999.9","  88.2","*","  68.9"," "," 0.00","I","999.9","000000"
"67341099999","2024-01-23","-25.920836","32.572606","44.19","MAPUTO, MZ","  79.5","24","  68.5","24","1019.8"," 8","999.9"," 0","  8.5","24"," 14.4","24"," 21.0"," 31.1","  86.0","*","  73.0"," "," 0.00","I","999.9","000000"
"67341099999","2024-01-24","-25.920836","32.572606","44.19","MAPUTO, MZ","  75.5","23","  62.6","23","1020.9"," 7","999.9"," 0","  8.1","23"," 11.9","23"," 27.2","999.9","  82.8","*","  68.0","*"," 0.00","I","999.9","000000"
"67341099999","2024-01-25","-25.920836","32.572606","44.19","MAPUTO, MZ","  76.1","24","  62.3","24","9999.9"," 0","999.9"," 0","  7.0","24"," 10.1","24"," 15.0","999.9","  84.2","*","  68.0","*"," 0.00","I","999.9","000000"
"67341099999","2024-01-26","-25.920836","32.572606","44.19","MAPUTO, MZ","  78.7","22","  67.0","22","1016.1"," 5","999.9"," 0","  7.6","22","  7.1","22"," 15.0"," 28.0","  86.2","*","  69.6"," "," 0.00","I","999.9","000000"
"67341099999","2024-01-27","-25.920836","32.572606","44.19","MAPUTO, MZ","  80.0","23","  68.0","23","1014.0"," 4","999.9"," 0","  7.3","23","  8.3","23"," 19.4","999.9","  87.8","*","  75.2","*"," 0.00","I","999.9","000000"
"67341099999","2024-01-28","-25.920836","32.572606","44.19","MAPUTO, MZ","  80.7","24","  68.7","24","1014.7"," 7","999.9"," 0","  8.3","24","  7.0","24"," 15.0"," 22.0","  87.8","*","  75.2","*"," 0.00","I","999.9","000000"
"67341099999","2024-01-29","-25.920836","32.572606","44.19","MAPUTO, MZ","  80.3","23","  69.7","23","1015.6"," 7","999.9"," 0","  8.1","23","  6.5","23"," 14.0","999.9","  88.7","*","  72.7"," "," 0.00","I","999.9","000000"
"67341099999","2024-01-30","-25.920836","32.572606","44.19","MAPUTO, MZ","  81.4","23","  70.1","23","1017.0"," 7","999.9"," 0","  8.1","23","  8.4","23"," 17.1","999.9","  89.6","*","  72.3"," "," 0.00","I","999.9","000000"
"67341099999","2024-01-31","-25.920836","32.572606","44.19","MAPUTO, MZ","  79.6","23","  69.3","23","1020.0"," 5","999.9"," 0","  7.5","23","  8.8","23"," 14.0","999.9","  86.0","*","  73.8"," ","99.99"," ","999.9","010000"
"67341099999","2024-02-01","-25.920836","32.572606","44.19","MAPUTO, MZ","  77.5","23","  69.7","23","1021.7"," 5","999.9"," 0","  7.8","23","  8.0","23"," 14.0","999.9","  84.2","*","  69.8","*","99.99"," ","999.9","010000"
"67341099999","2024-02-02","-25.920836","32.572606","44.19","MAPUTO, MZ","  80.1","17","  68.3","17","9999.9"," 0","999.9"," 0","  7.3","17","  8.1","17"," 13.0","999.9","  87.1"," ","  71.6","*","99.99"," ","999.9","010000"
"67341099999","2024-02-03","-25.920836","32.572606","44.19","MAPUTO, MZ","  80.4","20","  67.8","20","1015.0"," 6","999.9"," 0","  8.1","20","  5.9","20"," 15.0","999.9","  89.6","*","  71.6","*"," 0.00","I","999.9","000000"
"67341099999","2024-02-04","-25.920836","32.572606","44.19","MAPUTO, MZ","  82.5","22","  70.4","22","1013.7"," 6","999.9"," 0","  7.9","22","  8.0","22"," 15.9","999.9","  89.6","*","  74.7"," "," 0.00","I","999.9","000000"
"67341099999","2024-02-05","-25.920836","32.572606","44.19","MAPUTO, MZ","  81.3","22","  72.8","22","1013.4"," 5","999.9"," 0","  8.0","20","  7.7","22"," 15.9","999.9","  87.8","*","  73.4"," ","99.99"," ","999.9","010010"
"67341099999","2024-02-06","-25.920836","32.572606","44.19","MAPUTO, MZ","  80.4","23","  72.8","23","1012.2"," 7","999.9"," 0","  8.6","23","  5.7","23"," 14.0","999.9","  87.8","*","  75.0"," ","99.99"," ","999.9","010000"
"67341099999","2024-02-07","-25.920836","32.572606","44.19","MAPUTO, MZ","  83.0","23","  72.4","23","1010.3"," 8","999.9"," 0","  8.4","23","  8.0","23"," 15.9","999.9","  93.2","*","  75.2","*"," 0.00","I","999.9","000000"
"67341099999","2024-02-08","-25.920836","32.572606","44.19","MAPUTO, MZ","  81.1","24","  73.0","24","1014.6"," 6","999.9"," 0","  7.8","23","  8.7","24"," 14.0","999.9","  86.0","*","  77.0","*","99.99"," ","999.9","010000"
"67341099999","2024-02-09","-25.920836","32.572606","44.19","MAPUTO, MZ","  81.5","24","  72.6","24","1014.1"," 8","999.9"," 0","  8.3","24","  7.3","24"," 14.0","999.9","  87.8","*","  76.5"," "," 0.00","I","999.9","000000"
"67341099999","2024-02-10","-25.920836","32.572606","44.19","MAPUTO, MZ","  79.3","23","  71.3","23","1014.7"," 8","999.9"," 0","  8.0","23"," 11.7","23"," 19.0"," 29.9","  87.8","*","  73.4","*","99.99"," ","999.9","010010"
"67341099999","2024-02-11","-25.920836","32.572606","44.19","MAPUTO, MZ","  77.0","24","  65.0","24","1022.2"," 8","999.9"," 0","  8.3","24"," 10.9","24"," 15.0","999.9","  84.2","*","  71.4"," "," 0.00","I","999.9","000000"
"67341099999","2024-02-12","-25.920836","32.572606","44.19","MAPUTO, MZ","  78.9","24","  65.1","24","1019.6"," 8","999.9"," 0","  8.5","24","  7.8","24"," 14.0","999.9","  84.2","*","  72.5"," "," 0.00","I","999.9","000000"
"67341099999","2024-02-13","-25.920836","32.572606","44.19","MAPUTO, MZ","  79.5","24","  66.0","24","1016.3"," 8","999.9"," 0","  8.7","24","  5.9","24"," 13.0","999.9","  86.0","*","  73.4","*"," 0.00","I","999.9","000000"
"67341099999","2024-02-14","-25.920836","32.572606","44.19","MAPUTO, MZ","  79.7","24","  68.6","24","1013.9"," 8","999.9"," 0","  8.3","24","  6.4","24"," 11.1","999.9","  86.4","*","  69.6"," "," 0.00","I","999.9","000000"
"67341099999","2024-02-15","-25.920836","32.572606","44.19","MAPUTO, MZ","  84.0","21","  72.9","21","1008.5"," 8","999.9"," 0","  8.6","21","  8.3","21"," 17.1","999.9","  93.6","*","  74.8"," "," 0.00","I","999.9","000000"
"67341099999","2024-02-16","-25.920836","32.572606","44.19","MAPUTO, MZ","  87.7","24","  73.6","24","1006.2"," 8","999.9"," 0","  7.4","24"," 12.4","24"," 19.0","999.9"," 102.6","*","  78.8","*"," 0.00","I","999.9","000000"
"67341099999","2024-02-17","-25.920836","32.572606","44.19","MAPUTO, MZ","  85.0","23","  76.1","23","1012.4"," 8","999.9"," 0","  8.4","23","  7.6","23"," 15.0","999.9","  91.4","*","  77.9"," "," 0.00","I","999.9","000010"
"67341099999","2024-02-18","-25.920836","32.572606","44.19","MAPUTO, MZ","  81.8","23","  72.1","23","1017.5"," 7","999.9"," 0","  8.0","23"," 10.5","23"," 15.0","999.9","  89.6","*","  75.2"," ","99.99"," ","999.9","010000"
"67341099999","2024-02-19","-25.920836","32.572606","44.19","MAPUTO, MZ","  79.9","24","  72.4","24","1017.8"," 8","999.9"," 0","  8.2","24","  8.7","24"," 14.0","999.9","  87.8","*","  71.6","*","99.99"," ","999.9","010000"
"67341099999","2024-02-20","-25.920836","32.572606","44.19","MAPUTO, MZ","  80.6","24","  70.9","24","1015.0"," 8","999.9"," 0","  8.4","23","  6.9","24"," 13.0","999.9","  87.8","*","  74.7"," ","99.99"," ","999.9","010000"
"67341099999","2024-02-21","-25.920836","32.572606","44.19","MAPUTO, MZ","  82.2","24","  70.6","24","1011.8"," 8","999.9"," 0","  8.3","24","  7.9","24"," 14.0","999.9","  89.6","*","  75.2"," "," 0.00","I","999.9","000000"
"67341099999","2024-02-22","-25.920836","32.572606","44.19","MAPUTO, MZ","  82.6","23","  70.8","23","1011.8"," 7","999.9"," 0","  8.3","23","  8.2","23"," 14.0","999.9","  90.5"," ","  76.5"," ","99.99"," ","999.9","010000"
"67341099999","2024-02-23","-25.920836","32.572606","44.19","MAPUTO, MZ","  83.8","23","  70.9","23","1012.8"," 8","999.9"," 0","  8.4","23"," 10.3","23","999.9","999.9","  93.2","*","  77.0","*"," 0.00","I","999.9","000000"
"67341099999","2024-02-24","-25.920836","32.572606","44.19","MAPUTO, MZ","  83.9","24","  72.8","24","1012.1"," 8","999.9"," 0","  8.3","24","  9.4","24"," 15.9","999.9","  95.0","*","  74.7"," "," 0.00","I","999.9","000000"
"67341099999","2024-02-25","-25.920836","32.572606","44.19","MAPUTO, MZ","  87.5","23","  72.9","22","1009.9"," 8","999.9"," 0","  8.4","23"," 10.7","23"," 17.1","999.9"," 104.0","*","  74.8"," "," 0.00","I","999.9","000000"
"67341099999","2024-02-26","-25.920836","32.572606","44.19","MAPUTO, MZ","  74.6","24","  66.6","24","1016.8"," 8","999.9"," 0","  7.0","23"," 15.6","24"," 19.0","999.9","  80.8","*","  68.0","*","99.99"," ","999.9","010000"
"67341099999","2024-02-27","-25.920836","32.572606","44.19","MAPUTO, MZ","  71.7","23","  64.5","23","1021.0"," 8","999.9"," 0","  8.4","23"," 12.0","23"," 15.9","999.9","  77.0","*","  67.1"," ","99.99"," ","999.9","010000"
"67341099999","2024-02-28","-25.920836","32.572606","44.19","MAPUTO, MZ","  75.9","23","  62.5","23","1020.8"," 7","999.9"," 0","  8.1","23"," 13.8","23"," 21.0"," 31.1","  84.2","*","  68.5"," "," 0.00","I","999.9","000000"
"67341099999","2024-02-29","-25.920836","32.572606","44.19","MAPUTO, MZ","  76.2","24","  63.5","24","1019.0"," 7","999.9"," 0","  8.2","24","  9.3","24"," 14.0","999.9","  84.7"," ","  67.8"," ","99.99"," ","999.9","010000"
"67341099999","2024-03-01","-25.920836","32.572606","44.19","MAPUTO, MZ","  77.9","23","  65.1","23","1016.6"," 6","999.9"," 0","  8.0","23","  7.1","23"," 13.0","999.9","  86.0","*","  67.5"," "," 0.00","I","999.9","000000"
"67341099999","2024-03-02","-25.920836","32.572606","44.19","MAPUTO, MZ","  81.0","24","  70.1","24","1014.5"," 7","999.9"," 0","  8.0","24","  8.5","24"," 17.1","999.9","  89.6","*","  69.8","*"," 0.00","I","999.9","000000"
"67341099999","2024-03-03","-25.920836","32.572606","44.19","MAPUTO, MZ","  82.1","23","  72.7","23","1014.8"," 6","999.9"," 0","  7.8","23","  6.5","23"," 14.0"," 21.0","  89.8","*","  75.2"," "," 0.00","I","999.9","000000"
"67341099999","2024-03-04","-25.920836","32.572606","44.19","MAPUTO, MZ","  82.0","23","  72.6","23","1009.9"," 6","999.9"," 0","  7.8","23","  8.6","23"," 17.1","999.9","  89.6","*","  75.2"," "," 0.00","I","999.9","000000"
"67341099999","2024-03-05","-25.920836","32.572606","44.19","MAPUTO, MZ","  86.6","24","  71.7","24","1007.0"," 7","999.9"," 0","  7.9","24"," 10.5","24"," 19.0","999.9"," 104.4","*","  73.4","*"," 0.00","I","999.9","000000"
"67341099999","2024-03-06","-25.920836","32.572606","44.19","MAPUTO, MZ","  82.2","24","  70.5","24","1012.2"," 8","999.9"," 0","  8.2","24"," 12.0","24"," 15.9","999.9","  89.6","*","  76.8"," "," 0.00","I","999.9","000000"
"67341099999","2024-03-07","-25.920836","32.572606","44.19","MAPUTO, MZ","  82.5","23","  72.6","23","1013.6"," 6","999.9"," 0","  7.8","22","  7.9","23"," 12.0","999.9","  89.6","*","  75.7"," ","99.99"," ","999.9","010010"
"67341099999","2024-03-08","-25.920836","32.572606","44.19","MAPUTO, MZ","  82.9","24","  73.2","24","1011.9"," 8","999.9"," 0","  7.8","24","  9.1","24"," 17.1","999.9","  99.0","*","  72.3"," ","99.99"," ","999.9","010010"
"67341099999","2024-03-09","-25.920836","32.572606","44.19","MAPUTO, MZ","  82.4","24","  73.4","24","1016.3"," 8","999.9"," 0","  8.3","24"," 11.9","24"," 15.9","999.9","  89.6","*","  77.0"," "," 0.00","I","999.9","000000"
"67341099999","2024-03-10","-25.920836","32.572606","44.19","MAPUTO, MZ","  83.6","24","  74.3","24","1016.0"," 8","999.9"," 0","  8.3","24","  7.5","24"," 15.9","999.9","  91.4","*","  77.9"," "," 0.00","I","999.9","000000"
"67341099999","2024-03-11","-25.920836","32.572606","44.19","MAPUTO, MZ","  83.6","24","  74.5","24","1017.9"," 6","999.9"," 0","  8.0","24","  9.6","24"," 15.9","999.9","  91.4","*","  74.8"," "," 0.00","I","999.9","000000"
"67341099999","2024-03-12","-25.920836","32.572606","44.19","MAPUTO, MZ","  79.5","23","  76.2","22","1014.7"," 7","999.9"," 0","  6.1","23"," 10.2","23"," 20.0"," 32.1","  82.4","*","  76.6"," ","99.99"," ","999.9","010000"
"67341099999","2024-03-13","-25.920836","32.572606","44.19","MAPUTO, MZ","  75.7","24","  71.7","24","1004.8"," 8","999.9"," 0","  5.7","22"," 13.3","24"," 32.1"," 44.1","  80.6","*","  71.6","*","99.99"," ","999.9","010010"
"67341099999","2024-03-14","-25.920836","32.572606","44.19","MAPUTO, MZ","  75.0","24","  69.0","24","1015.3"," 7","999.9"," 0","  8.1","23","  9.1","24"," 17.1","999.9","  82.4","*","  69.8","*","99.99"," ","999.9","010010"
"67341099999","2024-03-15","-25.920836","32.572606","44.19","MAPUTO, MZ","  75.4","23","  67.9","23","1019.6"," 8","999.9"," 0","  8.2","21","  7.9","23"," 14.0","999.9","  80.6","*","  68.9"," ","99.99"," ","999.9","010000"
"67341099999","2024-03-16","-25.920836","32.572606","44.19","MAPUTO, MZ","  82.8","24","  72.7","23","1014.5"," 8","999.9"," 0","  8.7","24","  7.8","24"," 14.0","999.9","  93.2","*","  71.6","*"," 0.00","I","999.9","000000"
"67341099999","2024-03-17","-25.920836","32.572606","44.19","MAPUTO, MZ","  79.5","24","  69.6","24","1018.5"," 8","999.9"," 0","  8.4","23"," 11.7","23"," 15.0","999.9","  85.1","*","  73.4","*"," 0.00","I","999.9","000000"
"67341099999","2024-03-18","-25.920836","32.572606","44.19","MAPUTO, MZ","  77.6","24","  68.9","23","1018.5"," 8","999.9"," 0","  8.3","24","  7.4","24"," 13.0","999.9","  86.0","*","  72.0"," "," 0.00","I","999.9","000000"
"67341099999","2024-03-19","-25.920836","32.572606","44.19","MAPUTO, MZ","  80.9","23","  71.6","23","1012.8"," 6","999.9"," 0","  7.8","23","  6.7","16"," 12.0","999.9","  89.6","*","  72.1"," "," 0.00","I","999.9","000000"
"67341099999","2024-03-20","-25.920836","32.572606","44.19","MAPUTO, MZ","  79.4","22","  72.8","22","1017.3"," 7","999.9"," 0","  8.2","22","  7.0","22"," 12.0","999.9","  82.4","*","  75.2","*","99.99"," ","999.9","010000"
"67341099999","2024-03-21","-25.920836","32.572606","44.19","MAPUTO, MZ","  79.3","24","  68.0","24","1019.9"," 8","999.9"," 0","  8.3","24","  8.2","23"," 12.0","999.9","  83.5"," ","  73.4","*"," 0.00","I","999.9","000000"
"67341099999","2024-03-22","-25.920836","32.572606","44.19","MAPUTO, MZ","  75.0","24","  69.9","24","1018.6"," 8","999.9"," 0","  6.3","24","  6.5","24"," 11.1","999.9","  80.6","*","  71.6","*","99.99"," ","999.9","010000"
"67341099999","2024-03-23","-25.920836","32.572606","44.19","MAPUTO, MZ","  77.4","24","  69.4","24","1018.7"," 8","999.9"," 0","  8.2","24","  7.6","20"," 17.1","999.9","  84.2","*","  69.8","*","99.99"," ","999.9","010000"
"67341099999","2024-03-24","-25.920836","32.572606","44.19","MAPUTO, MZ","  71.3","24","  70.3","24","1020.6"," 8","999.9"," 0","  3.3","24","  7.4","24"," 15.0"," 25.1","  73.4","*","  69.8","*","99.99"," ","999.9","010010"
"67341099999","2024-03-25","-25.920836","32.572606","44.19","MAPUTO, MZ","  75.0","24","  71.2","24","1022.4"," 6","999.9"," 0","  6.8","24","  6.1","22"," 11.1","999.9","  82.4","*","  69.8","*","99.99"," ","999.9","010000"
"67341099999","2024-03-26","-25.920836","32.572606","44.19","MAPUTO, MZ","  75.2","16","  69.2","16","1021.1"," 6","999.9"," 0","  7.5","16","  5.6","16"," 11.1","999.9","  81.0","*","  69.4"," ","99.99"," ","999.9","010000"
"67341099999","2024-03-27","-25.920836","32.572606","44.19","MAPUTO, MZ","  77.6","12","  67.8","12","1019.6"," 4","999.9"," 0","  9.1","12","  5.6","12"," 11.1","999.9","  84.2","*","  69.8","*"," 0.00","I","999.9","000000"
"67341099999","2024-04-01","-25.920836","32.572606","44.19","MAPUTO, MZ","  73.2"," 6","  66.2"," 6","9999.9"," 0","999.9"," 0","  8.3"," 6","  3.0"," 6","  6.0","999.9","  77.0","*","  69.8","*"," 0.00","I","999.9","000000"
"67341099999","2024-04-02","-25.920836","32.572606","44.19","MAPUTO, MZ","  71.3"," 8","  67.9"," 8","9999.9"," 0","999.9"," 0","  7.8"," 8","  3.1"," 8","  4.1","999.9","  75.2","*","  69.3","*"," 0.00","I","999.9","000000"
"67341099999","2024-04-03","-25.920836","32.572606","44.19","MAPUTO, MZ","  76.9","22","  71.3","22","1017.0"," 6","999.9"," 0","  7.7","22","  5.9","22","  9.9","999.9","  82.6","*","  71.4"," ","99.99"," ","999.9","010000"
"67341099999","2024-04-04","-25.920836","32.572606","44.19","MAPUTO, MZ","  77.6","24","  73.0","24","1015.7"," 7","999.9"," 0","  7.3","24","  5.0","24","  8.9","999.9","  86.0","*","  72.5"," ","99.99"," ","999.9","010000"
"67341099999","2024-04-05","-25.920836","32.572606","44.19","MAPUTO, MZ","  79.1","23","  72.6","23","1013.3"," 6","999.9"," 0","  7.2","23","  8.6","23"," 20.0","999.9","  89.6","*","  71.6","*","99.99"," ","999.9","010010"
"67341099999","2024-04-06","-25.920836","32.572606","44.19","MAPUTO, MZ","  73.2","24","  69.4","24","1018.1"," 6","999.9"," 0","  7.4","24"," 12.1","24"," 15.9"," 22.0","  78.8","*","  68.9"," ","99.99"," ","999.9","010000"
"67341099999","2024-04-07","-25.920836","32.572606","44.19","MAPUTO, MZ","  73.6","21","  67.5","21","1020.2"," 7","999.9"," 0","  7.8","20","  9.5","21"," 15.0"," 25.1","  77.0","*","  69.4"," ","99.99"," ","999.9","010000"
"67341099999","2024-04-08","-25.920836","32.572606","44.19","MAPUTO, MZ","  73.0","23","  67.4","23","1015.8"," 6","999.9"," 0","  7.4","22","  4.3","23","  8.0","999.9","  77.4","*","  68.0","*","99.99"," ","999.9","010000"
"67341099999","2024-04-09","-25.920836","32.572606","44.19","MAPUTO, MZ","  73.6","24","  70.1","24","1009.1"," 6","999.9"," 0","  7.3","23","  7.0","24"," 13.0","999.9","  78.8","*","  69.8","*","99.99"," ","999.9","010000"
"67341099999","2024-04-10","-25.920836","32.572606","44.19","MAPUTO, MZ","  74.7","24","  62.2","24","1010.0"," 7","999.9"," 0","  8.2","24","  8.9","24"," 14.0","999.9","  82.4","*","  65.8"," "," 0.00","I","999.9","000010"
"67341099999","2024-04-11","-25.920836","32.572606","44.19","MAPUTO, MZ","  70.8","24","  58.6","24","1020.6"," 8","999.9"," 0","  8.7","24"," 11.5","24"," 17.1","999.9","  77.0","*","  64.4","*"," 0.00","I","999.9","000000"
"67341099999","2024-04-12","-25.920836","32.572606","44.19","MAPUTO, MZ","  71.2","24","  57.3","24","1021.9"," 7","999.9"," 0","  8.2","24","  7.2","24"," 14.0","999.9","  86.0","*","  62.6","*"," 0.00","I","999.9","000000"
"67341099999","2024-04-13","-25.920836","32.572606","44.19","MAPUTO, MZ","  71.5","24","  62.6","24","1020.1"," 8","999.9"," 0","  8.3","24","  4.8","24","  8.9","999.9","  77.0","*","  66.2","*"," 0.00","I","999.9","000000"
"67341099999","2024-04-14","-25.920836","32.572606","44.19","MAPUTO, MZ","  74.0","24","  65.5","24","1021.0"," 8","999.9"," 0","  8.1","24","  6.0","23"," 11.1","999.9","  83.5"," ","  65.8"," "," 0.00","I","999.9","000000"
"67341099999","2024-04-15","-25.920836","32.572606","44.19","MAPUTO, MZ","  73.5","24","  65.9","24","1022.5"," 7","999.9"," 0","  8.0","24","  3.9","24","  9.9","999.9","  80.6","*","  68.0","*"," 0.00","I","999.9","000000"
"67341099999","2024-04-16","-25.920836","32.572606","44.19","MAPUTO, MZ","  73.9","22","  64.4","22","1022.9"," 7","999.9"," 0","  8.2","22","  4.9","22","  9.9","999.9","  81.0","*","  65.3"," "," 0.00","I","999.9","000000"
"67341099999","2024-04-17","-25.920836","32.572606","44.19","MAPUTO, MZ","  73.9","14","  65.1","14","9999.9"," 0","999.9"," 0","  7.1","14","  5.4","14","  9.9","999.9","  80.6","*","  68.0","*"," 0.00","I","999.9","000000"
"67341099999","2024-04-18","-25.920836","32.572606","44.19","MAPUTO, MZ","  76.7","17","  66.7","17","9999.9"," 0","999.9"," 0","  6.6","17","  5.2","17","  8.9","999.9","  86.0","*","  64.4","*"," 0.00","I","999.9","000000"
"67341099999","2024-04-19","-25.920836","32.572606","44.19","MAPUTO, MZ","  76.5","22","  69.3","22","1017.7"," 5","999.9"," 0","  7.4","22","  4.0","20","  9.9","999.9","  85.1","*","  68.0","*"," 0.00","I","999.9","000000"
"67341099999","2024-04-20","-25.920836","32.572606","44.19","MAPUTO, MZ","  77.9","23","  68.7","23","1014.8"," 4","999.9"," 0","  6.6","23","  6.1","18","  8.9","999.9","  89.6","*","  69.8","*"," 0.00","I","999.9","000000"
"67341099999","2024-04-21","-25.920836","32.572606","44.19","MAPUTO, MZ","  77.9","23","  66.8","23","1013.9"," 7","999.9"," 0","  8.5","23","  7.3","21","  9.9","999.9","  91.4","*","  67.1"," "," 0.00","I","999.9","000000"
"67341099999","2024-04-22","-25.920836","32.572606","44.19","MAPUTO, MZ","  79.7","24","  63.0","23","1012.5"," 4","999.9"," 0","  7.2","24","  8.1","18"," 13.0","999.9","  95.0","*","  67.5","*"," 0.00","I","999.9","000000"
"67341099999","2024-04-23","-25.920836","32.572606","44.19","MAPUTO, MZ","  76.0","12","  68.0","12","1014.2"," 4","999.9"," 0","  7.1","12","  8.1","12"," 11.1","999.9","  84.2","*","  68.5"," "," 0.00","I","999.9","000000"
"67341099999","2024-04-24","-25.920836","32.572606","44.19","MAPUTO, MZ","  76.4","12","  71.0","12","1016.5"," 6","999.9"," 0","  9.8","12","  4.8","12","  8.9","999.9","  82.8","*","  69.4"," "," 0.00","I","999.9","000000"
"67341099999","2024-04-25","-25.920836","32.572606","44.19","MAPUTO, MZ","  75.6","22","  71.2","21","1016.4"," 7","999.9"," 0","  8.0","22","  3.2","20","  5.1","999.9","  82.8","*","  69.8","*","99.99"," ","999.9","010000"
"67341099999","2024-04-26","-25.920836","32.572606","44.19","MAPUTO, MZ","  74.8","23","  68.7","22","1019.7"," 8","999.9"," 0","  7.3","23","  7.8","21"," 13.0","999.9","  83.3","*","  66.2","*","99.99"," ","999.9","010000"
"67341099999","2024-04-27","-25.920836","32.572606","44.19","MAPUTO, MZ","  70.9","21","  63.1","21","1025.9"," 4","999.9"," 0","  7.6","21"," 12.0","21"," 17.1","999.9","  77.0","*","  65.7","*","99.99"," ","999.9","010000"
"67341099999","2024-04-28","-25.920836","32.572606","44.19","MAPUTO, MZ","  70.0","23","  60.0","23","1025.0"," 7","999.9"," 0","  8.3","23","  7.3","23"," 13.0","999.9","  77.9","*","  62.2"," "," 0.00","I","999.9","000000"
"67341099999","2024-04-29","-25.920836","32.572606","44.19","MAPUTO, MZ","  72.4","24","  62.1","24","1020.2"," 6","999.9"," 0","  7.4","24","  4.1","15"," 12.0","999.9","  82.4","*","  60.6"," "," 0.00","I","999.9","000000"
"67341099999","2024-04-30","-25.920836","32.572606","44.19","MAPUTO, MZ","  73.4","21","  62.2","21","1013.5"," 6","999.9"," 0","  8.0","21","  6.5","14"," 12.0","999.9","  86.0","*","  61.9","*"," 0.00","I","999.9","000000"
"67341099999","2024-05-02","-25.920836","32.572606","44.19","MAPUTO, MZ","  75.1","24","  67.2","24","1018.6"," 6","999.9"," 0","  7.8","24","  6.5","24"," 11.1","999.9","  82.4","*","  68.0","*"," 0.00","I","999.9","000000"
"67341099999","2024-05-03","-25.920836","32.572606","44.19","MAPUTO, MZ","  72.9","24","  66.1","24","1022.9"," 7","999.9"," 0","  8.0","24","  5.2","24","  9.9","999.9","  82.4","*","  65.5"," "," 0.00","I","999.9","000000"
"67341099999","2024-05-04","-25.920836","32.572606","44.19","MAPUTO, MZ","  73.5","24","  66.1","24","1022.2"," 7","999.9"," 0","  7.6","24","  5.7","24","  9.9","999.9","  82.4","*","  65.3"," "," 0.00","I","999.9","000000"
"67341099999","2024-05-05","-25.920836","32.572606","44.19","MAPUTO, MZ","  73.0","24","  62.6","24","1016.2"," 6","999.9"," 0","  7.7","24","  6.6","23"," 14.0","999.9","  86.0","*","  62.6","*"," 0.00","I","999.9","000000"
"67341099999","2024-05-06","-25.920836","32.572606","44.19","MAPUTO, MZ","  74.3","23","  64.4","23","1016.0"," 7","999.9"," 0","  8.1","23","  6.8","23"," 11.1","999.9","  87.8","*","  62.6","*"," 0.00","I","999.9","000000"
"67341099999","2024-05-07","-25.920836","32.572606","44.19","MAPUTO, MZ","  73.7","23","  64.5","23","1018.9"," 7","999.9"," 0","  8.1","23","  6.4","19"," 11.1","999.9","  87.8","*","  64.0"," "," 0.00","I","999.9","000000"
"67341099999","2024-05-08","-25.920836","32.572606","44.19","MAPUTO, MZ","  73.9","20","  64.5","20","1019.8"," 6","999.9"," 0","  8.1","20","  6.0","19"," 12.0","999.9","  87.8","*","  62.6","*"," 0.00","I","999.9","000000"
"67341099999","2024-05-09","-25.920836","32.572606","44.19","MAPUTO, MZ","  72.7","24","  64.3","24","1018.9"," 8","999.9"," 0","  8.2","24","  4.7","23"," 11.1","999.9","  82.4","*","  64.4","*"," 0.00","I","999.9","000000"
"67341099999","2024-05-10","-25.920836","32.572606","44.19","MAPUTO, MZ","  73.9","24","  60.3","24","1014.1"," 8","999.9"," 0","  8.2","24","  7.8","24"," 13.0","999.9","  86.4","*","  63.3"," "," 0.00","I","999.9","000000"
"67341099999","2024-05-11","-25.920836","32.572606","44.19","MAPUTO, MZ","  73.8","19","  63.5","19","1015.5"," 8","999.9"," 0","  8.8","19","  9.9","19"," 15.0","999.9","  80.6","*","  66.0"," "," 0.00","I","999.9","000000"
"67341099999","2024-05-12","-25.920836","32.572606","44.19","MAPUTO, MZ","  74.9","24","  67.0","24","1020.1"," 7","999.9"," 0","  7.9","24"," 10.0","24"," 12.0","999.9","  82.4","*","  69.8","*","99.99"," ","999.9","010000"
"67341099999","2024-05-13","-25.920836","32.572606","44.19","MAPUTO, MZ","  72.6","22","  67.8","22","9999.9"," 0","999.9"," 0","  6.4","22","  6.0","22"," 12.0","999.9","  77.0","*","  68.0","*","99.99"," ","999.9","010000"
"67341099999","2024-05-14","-25.920836","32.572606","44.19","MAPUTO, MZ","  71.3","22","  66.2","22","1023.3"," 7","999.9"," 0","  8.2","21","  4.9","22"," 12.0","999.9","  75.2","*","  67.1"," ","99.99"," ","999.9","010000"
"67341099999","2024-05-15","-25.920836","32.572606","44.19","MAPUTO, MZ","  71.6","24","  64.7","24","1022.5"," 6","999.9"," 0","  7.5","24","  4.1","24","  8.9","999.9","  78.8","*","  64.4","*"," 0.00","I","999.9","000000"
"67341099999","2024-05-16","-25.920836","32.572606","44.19","MAPUTO, MZ","  69.9","24","  62.9","24","1022.0"," 7","999.9"," 0","  8.0","24","  4.2","23","  8.0","999.9","  80.6","*","  61.5"," "," 0.00","I","999.9","000000"
"67341099999","2024-05-17","-25.920836","32.572606","44.19","MAPUTO, MZ","  73.0","24","  62.5","24","1018.6"," 8","999.9"," 0","  8.3","24","  7.5","24"," 14.0","999.9","  86.0","*","  60.8","*"," 0.00","I","999.9","000000"
"67341099999","2024-05-18","-25.920836","32.572606","44.19","MAPUTO, MZ","  72.7","23","  65.4","23","1021.6"," 8","999.9"," 0","  8.4","23","  8.1","23"," 15.0","999.9","  80.6","*","  68.0","*"," 0.00","I","999.9","000000"
"67341099999","2024-05-19","-25.920836","32.572606","44.19","MAPUTO, MZ","  72.6","24","  66.7","24","1022.4"," 8","999.9"," 0","  8.4","24","  4.7","24","  8.9","999.9","  82.4","*","  64.6"," "," 0.00","I","999.9","000000"
"67341099999","2024-05-20","-25.920836","32.572606","44.19","MAPUTO, MZ","  72.8","24","  64.8","24","1024.3"," 8","999.9"," 0","  8.3","24","  6.3","24"," 12.0","999.9","  82.4","*","  67.5","*"," 0.00","I","999.9","000000"
"67341099999","2024-05-21","-25.920836","32.572606","44.19","MAPUTO, MZ","  71.0","24","  63.1","24","1025.2"," 7","999.9"," 0","  8.0","24","  4.5","24"," 11.1","999.9","  79.2","*","  62.6","*"," 0.00","I","999.9","000000"
"67341099999","2024-05-22","-25.920836","32.572606","44.19","MAPUTO, MZ","  70.1","24","  62.4","24","1024.0"," 5","999.9"," 0","  7.6","24","  4.6","24","  9.9","999.9","  80.6","*","  59.0","*"," 0.00","I","999.9","000000"
"67341099999","2024-05-23","-25.920836","32.572606","44.19","MAPUTO, MZ","  71.9","23","  62.0","23","1020.7"," 8","999.9"," 0","  6.9","23","  5.6","23","  8.9","999.9","  82.4","*","  60.8","*"," 0.00","I","999.9","000000"
"67341099999","2024-05-24","-25.920836","32.572606","44.19","MAPUTO, MZ","  70.8","22","  62.7","22","1020.5"," 5","999.9"," 0","  7.6","22","  4.0","22","  6.0","999.9","  80.6","*","  62.2"," "," 0.00","I","999.9","000000"
"67341099999","2024-05-25","-25.920836","32.572606","44.19","MAPUTO, MZ","  71.6","23","  65.1","23","1021.7"," 6","999.9"," 0","  7.7","23","  4.4","23","  8.9","999.9","  80.6","*","  64.0"," "," 0.00","I","999.9","000000"
"67341099999","2024-05-26","-25.920836","32.572606","44.19","MAPUTO, MZ","  72.1","23","  62.7","23","1019.4"," 6","999.9"," 0","  5.6","23","  5.4","23","  9.9","999.9","  82.8","*","  63.0"," "," 0.00","I","999.9","100000"
"67341099999","2024-05-27","-25.920836","32.572606","44.19","MAPUTO, MZ","  70.7","24","  62.2","24","1025.4"," 7","999.9"," 0","  8.0","24","  6.8","24"," 13.0","999.9","  79.2","*","  62.6","*"," 0.00","I","999.9","000000"
"67341099999","2024-05-28","-25.920836","32.572606","44.19","MAPUTO, MZ","  68.8","23","  61.7","23","1025.2"," 7","999.9"," 0","  8.1","23","  3.7","23","  7.0","999.9","  78.8","*","  59.5"," "," 0.00","I","999.9","000000"
"67341099999","2024-05-29","-25.920836","32.572606","44.19","MAPUTO, MZ","  70.3","24","  62.2","24","1021.2"," 7","999.9"," 0","  7.2","24","  3.8","20","  7.0","999.9","  80.8","*","  58.8"," "," 0.00","I","999.9","000000"
"67341099999","2024-05-30","-25.920836","32.572606","44.19","MAPUTO, MZ","  71.5","22","  59.0","22","1016.5"," 8","999.9"," 0","  7.8","22","  7.5","22"," 11.1","999.9","  82.8","*","  60.8","*"," 0.00","I","999.9","100000"
"67341099999","2024-05-31","-25.920836","32.572606","44.19","MAPUTO, MZ","  73.7","24","  56.5","24","1014.8"," 7","999.9"," 0","  7.8","24","  7.7","24"," 14.0","999.9","  89.6","*","  63.3"," "," 0.00","I","999.9","000000"
"67341099999","2024-06-01","-25.920836","32.572606","44.19","MAPUTO, MZ","  73.0","24","  65.3","24","1015.8"," 8","999.9"," 0","  5.3","24","  5.7","23","  9.9","999.9","  84.2","*","  59.0","*"," 0.00","I","999.9","100000"
"67341099999","2024-06-02","-25.920836","32.572606","44.19","MAPUTO, MZ","  71.9","24","  67.1","24","1015.7"," 8","999.9"," 0","  6.1","24","  5.3","24","  8.9","999.9","  78.8","*","  63.9"," "," 0.00","I","999.9","100000"
"67341099999","2024-06-03","-25.920836","32.572606","44.19","MAPUTO, MZ","  73.0","23","  68.2","23","1012.6"," 7","999.9"," 0","  7.7","23","  7.8","23"," 13.0"," 24.1","  79.0","*","  68.0","*","99.99"," ","999.9","010010"
"67341099999","2024-06-04","-25.920836","32.572606","44.19","MAPUTO, MZ","  63.0","23","  46.3","22","1013.1"," 8","999.9"," 0","  8.4","23","  5.5","22"," 12.0","999.9","  73.4","*","  54.1"," "," 0.00","I","999.9","000000"
"67341099999","2024-06-05","-25.920836","32.572606","44.19","MAPUTO, MZ","  64.1","23","  46.7","23","1010.6"," 8","999.9"," 0","  8.6","23","  3.9","23","  6.0","999.9","  84.2","*","  48.0"," "," 0.00","I","999.9","000000"
"67341099999","2024-06-06","-25.920836","32.572606","44.19","MAPUTO, MZ","  68.4","24","  45.8","24","1011.1"," 8","999.9"," 0","  8.2","24","  5.6","24","  8.9","999.9","  86.0","*","  48.9"," "," 0.00","I","999.9","000000"
"67341099999","2024-06-07","-25.920836","32.572606","44.19","MAPUTO, MZ","  69.5","23","  49.6","23","1020.0"," 7","999.9"," 0","  8.1","23"," 11.4","23"," 17.1","999.9","  78.8","*","  61.0"," "," 0.00","I","999.9","000000"
"67341099999","2024-06-08","-25.920836","32.572606","44.19","MAPUTO, MZ","  64.0","24","  51.9","24","1031.5"," 7","999.9"," 0","  7.7","24"," 13.7","24"," 20.0"," 29.9","  71.1","*","  57.2","*","99.99"," ","999.9","010000"
"67341099999","2024-06-09","-25.920836","32.572606","44.19","MAPUTO, MZ","  62.2","23","  50.8","23","1031.6"," 6","999.9"," 0","  8.1","23","  6.4","23"," 11.1","999.9","  73.4","*","  52.5"," "," 0.00","I","999.9","000000"
"67341099999","2024-06-10","-25.920836","32.572606","44.19","MAPUTO, MZ","  62.6","23","  54.5","23","1031.7"," 7","999.9"," 0","  8.1","23","  5.3","23","  8.0","999.9","  78.8","*","  51.8","*"," 0.00","I","999.9","000000"
"67341099999","2024-06-11","-25.920836","32.572606","44.19","MAPUTO, MZ","  63.5","24","  53.1","24","1029.3"," 8","999.9"," 0","  8.3","24","  4.7","24","  7.0","999.9","  73.8","*","  52.9"," "," 0.00","I","999.9","000000"
"67341099999","2024-06-12","-25.920836","32.572606","44.19","MAPUTO, MZ","  65.2","24","  52.1","24","1024.4"," 8","999.9"," 0","  8.3","24","  7.0","24"," 13.0","999.9","  77.4","*","  53.6","*"," 0.00","I","999.9","000000"
"67341099999","2024-06-13","-25.920836","32.572606","44.19","MAPUTO, MZ","  64.2","24","  56.6","24","1024.6"," 7","999.9"," 0","  8.5","24","  3.9","24","  7.0","999.9","  73.8","*","  52.0"," "," 0.00","I","999.9","000000"
"67341099999","2024-06-14","-25.920836","32.572606","44.19","MAPUTO, MZ","  67.1","24","  59.8","24","1025.3"," 6","999.9"," 0","  7.8","24","  5.2","24","  8.0","999.9","  77.0","*","  59.0","*"," 0.00","I","999.9","000000"
"67341099999","2024-06-15","-25.920836","32.572606","44.19","MAPUTO, MZ","  65.8","22","  59.8","22","1023.1"," 8","999.9"," 0","  7.6","22","  4.1","22","  8.9","999.9","  77.0","*","  56.7"," "," 0.00","I","999.9","000000"
"67341099999","2024-06-16","-25.920836","32.572606","44.19","MAPUTO, MZ","  66.7","24","  57.7","24","1024.1"," 7","999.9"," 0","  8.3","24","  4.3","24","  8.0","999.9","  79.9","*","  58.1"," "," 0.00","I","999.9","000000"
"67341099999","2024-06-17","-25.920836","32.572606","44.19","MAPUTO, MZ","  66.0","23","  58.7","22","1021.8"," 5","999.9"," 0","  7.8","23","  5.1","23","  8.9","999.9","  78.3"," ","  57.2","*"," 0.00","I","999.9","000000"
"67341099999","2024-06-18","-25.920836","32.572606","44.19","MAPUTO, MZ","  69.1","22","  54.0","22","1015.9"," 8","999.9"," 0","  8.4","22","  8.6","22"," 15.0","999.9","  82.4","*","  59.0","*"," 0.00","I","999.9","000000"
"67341099999","2024-06-19","-25.920836","32.572606","44.19","MAPUTO, MZ","  68.4","24","  61.0","23","1016.2"," 8","999.9"," 0","  7.8","24","  7.4","24"," 13.0","999.9","  80.6","*","  56.7"," "," 0.00","I","999.9","000000"
"67341099999","2024-06-20","-25.920836","32.572606","44.19","MAPUTO, MZ","  69.3","24","  62.1","24","1025.2"," 8","999.9"," 0","  7.9","24"," 10.8","24"," 15.9","999.9","  78.8","*","  63.7"," "," 0.00","I","999.9","000000"
"67341099999","2024-06-21","-25.920836","32.572606","44.19","MAPUTO, MZ","  68.9","24","  63.6","24","1026.7"," 7","999.9"," 0","  7.9","24","  5.6","24","  8.9","999.9","  75.2","*","  64.2"," "," 0.00","I","999.9","000000"
"67341099999","2024-06-22","-25.920836","32.572606","44.19","MAPUTO, MZ","  69.7","23","  61.2","23","1024.8"," 6","999.9"," 0","  7.0","23","  7.3","23"," 15.0"," 29.9","  82.4","*","  59.0","*"," 0.00","I","999.9","000000"
"67341099999","2024-06-23","-25.920836","32.572606","44.19","MAPUTO, MZ","  68.3","23","  58.7","23","1029.4"," 8","999.9"," 0","  8.4","23"," 10.3","23"," 15.9","999.9","  77.0","*","  59.0","*"," 0.00","I","999.9","000000"
"67341099999","2024-06-24","-25.920836","32.572606","44.19","MAPUTO, MZ","  66.4","23","  59.2","23","1028.9"," 8","999.9"," 0","  8.4","23","  4.7","23","  7.0","999.9","  77.0","*","  57.2","*"," 0.00","I","999.9","000000"
"67341099999","2024-06-25","-25.920836","32.572606","44.19","MAPUTO, MZ","  69.0","24","  62.5","24","1027.2"," 6","999.9"," 0","  7.1","24","  5.5","24"," 11.1","999.9","  77.4","*","  58.8"," "," 0.00","I","999.9","000000"
"67341099999","2024-06-26","-25.920836","32.572606","44.19","MAPUTO, MZ","  68.1","24","  61.6","24","1027.9"," 7","999.9"," 0","  7.7","22","  7.5","24"," 11.1","999.9","  75.2","*","  63.9","*","99.99"," ","999.9","010000"
"67341099999","2024-06-27","-25.920836","32.572606","44.19","MAPUTO, MZ","  69.2","24","  62.7","24","1030.0"," 7","999.9"," 0","  7.0","24","  7.2","24"," 12.0","999.9","  76.3","*","  62.8"," ","99.99"," ","999.9","010000"
"67341099999","2024-06-28","-25.920836","32.572606","44.19","MAPUTO, MZ","  67.8","24","  62.0","24","1026.7"," 7","999.9"," 0","  7.7","24","  5.7","24"," 11.1","999.9","  75.2","*","  62.4"," "," 0.00","I","999.9","000000"
"67341099999","2024-06-29","-25.920836","32.572606","44.19","MAPUTO, MZ","  67.7","24","  59.2","23","1020.4"," 7","999.9"," 0","  8.3","24","  5.9","24","  8.9","999.9","  78.8","*","  58.6"," "," 0.00","I","999.9","000000"
"67341099999","2024-06-30","-25.920836","32.572606","44.19","MAPUTO, MZ","  69.0","24","  57.1","24","1018.1"," 8","999.9"," 0","  8.3","24","  6.1","24","  8.9","999.9","  82.6","*","  59.0","*"," 0.00","I","999.9","000000"
"67341099999","2024-07-01","-25.920836","32.572606","44.19","MAPUTO, MZ","  66.4","24","  57.7","24","1022.0"," 7","999.9"," 0","  7.2","24","  3.2","24","  8.0","999.9","  78.8","*","  56.7","*"," 0.00","I","999.9","000000"
"67341099999","2024-07-02","-25.920836","32.572606","44.19","MAPUTO, MZ","  67.0","23","  60.5","23","1022.0"," 8","999.9"," 0","  7.9","23","  4.7","23","  9.9","999.9","  78.8","*","  56.7"," "," 0.00","I","999.9","000000"
"67341099999","2024-07-03","-25.920836","32.572606","44.19","MAPUTO, MZ","  69.8","24","  56.4","24","1015.3"," 7","999.9"," 0","  8.0","24","  7.7","24"," 12.0","999.9","  82.4","*","  60.3","*"," 0.00","I","999.9","000000"
"67341099999","2024-07-04","-25.920836","32.572606","44.19","MAPUTO, MZ","  70.8","24","  48.5","24","1013.5"," 8","999.9"," 0","  8.3","24","  9.4","24"," 15.0"," 26.0","  84.4","*","  60.8","*"," 0.00","I","999.9","000000"
"67341099999","2024-07-05","-25.920836","32.572606","44.19","MAPUTO, MZ","  66.8","24","  51.3","24","1016.3"," 6","999.9"," 0","  7.8","24","  7.6","24"," 15.0","999.9","  78.8","*","  55.4","*"," 0.00","I","999.9","000000"
"67341099999","2024-07-06","-25.920836","32.572606","44.19","MAPUTO, MZ","  63.3","24","  45.1","24","1018.8"," 8","999.9"," 0","  8.6","24","  5.7","24","  9.9","999.9","  75.2","*","  53.6","*"," 0.00","I","999.9","000000"
"67341099999","2024-07-07","-25.920836","32.572606","44.19","MAPUTO, MZ","  65.9","24","  43.4","24","1013.0"," 7","999.9"," 0","  8.3","24"," 10.2","24"," 19.0"," 29.9","  78.8","*","  51.3"," "," 0.00","I","999.9","000000"
"67341099999","2024-07-08","-25.920836","32.572606","44.19","MAPUTO, MZ","  65.5","24","  33.0","24","1010.2"," 8","999.9"," 0","  7.4","24","  8.3","24"," 13.0","999.9","  80.8","*","  53.4"," "," 0.00","I","999.9","000000"
"67341099999","2024-07-09","-25.920836","32.572606","44.19","MAPUTO, MZ","  59.7","22","  26.3","22","1018.6"," 6","999.9"," 0","  7.3","22","  6.7","22","  9.9","999.9","  75.2","*","  51.1"," "," 0.00","I","999.9","000000"
"67341099999","2024-07-10","-25.920836","32.572606","44.19","MAPUTO, MZ","  67.9","22","  26.1","21","1017.0"," 8","999.9"," 0","  8.4","22","  8.1","22"," 12.0","999.9","  86.0","*","  50.4"," "," 0.00","I","999.9","000000"
"67341099999","2024-07-11","-25.920836","32.572606","44.19","MAPUTO, MZ","  71.8","24","  30.4","23","1015.5"," 7","999.9"," 0","  7.3","24","  7.4","24"," 11.1","999.9","  93.2","*","  52.5"," "," 0.00","I","999.9","000000"
"67341099999","2024-07-12","-25.920836","32.572606","44.19","MAPUTO, MZ","  71.2","24","  36.7","24","1015.5"," 7","999.9"," 0","  6.6","24","  8.6","24"," 11.1","999.9","  87.8","*","  54.9"," "," 0.00","I","999.9","000000"
"67341099999","2024-07-13","-25.920836","32.572606","44.19","MAPUTO, MZ","  69.3","18","  49.8","18","1017.1"," 5","999.9"," 0","  7.9","18","  6.6","18"," 12.0","999.9","  86.0","*","  54.9"," "," 0.00","I","999.9","000000"
"67341099999","2024-07-14","-25.920836","32.572606","44.19","MAPUTO, MZ","  71.9","15","  54.9","15","1016.0"," 7","999.9"," 0","  8.6","15","  9.9","15"," 13.0","999.9","  89.6","*","  59.0","*"," 0.00","I","999.9","000000"
"67341099999","2024-07-15","-25.920836","32.572606","44.19","MAPUTO, MZ","  68.0","23","  58.5","23","1021.2"," 5","999.9"," 0","  7.6","23","  7.4","23"," 13.0","999.9","  73.4","*","  62.6","*"," 0.00","I","999.9","000000"
"67341099999","2024-07-16","-25.920836","32.572606","44.19","MAPUTO, MZ","  69.3","24","  60.2","24","1018.7"," 8","999.9"," 0","  7.6","24","  7.1","24"," 12.0","999.9","  80.6","*","  60.8"," "," 0.00","I","999.9","000000"
"67341099999","2024-07-17","-25.920836","32.572606","44.19","MAPUTO, MZ","  67.3","24","  57.6","24","1018.0"," 8","999.9"," 0","  7.0","24","  4.7","24","  8.0","999.9","  80.6","*","  55.2"," "," 0.00","I","999.9","000000"
"67341099999","2024-07-18","-25.920836","32.572606","44.19","MAPUTO, MZ","  71.4","24","  55.9","24","1017.3"," 7","999.9"," 0","  6.8","24","  8.1","24"," 13.0","999.9","  86.0","*","  56.1"," "," 0.00","I","999.9","100000"
"67341099999","2024-07-19","-25.920836","32.572606","44.19","MAPUTO, MZ","  68.4","24","  57.8","24","1017.0"," 7","999.9"," 0","  8.0","24","  8.2","24"," 13.0","999.9","  77.2","*","  59.5"," "," 0.00","I","999.9","000000"
"67341099999","2024-07-20","-25.920836","32.572606","44.19","MAPUTO, MZ","  69.4","21","  60.8","21","1017.7"," 6","999.9"," 0","  8.0","21","  5.5","19","  8.0","999.9","  77.0","*","  59.7"," "," 0.00","I","999.9","000000"
"67341099999","2024-07-21","-25.920836","32.572606","44.19","MAPUTO, MZ","  68.6","24","  60.7","24","1020.8"," 8","999.9"," 0","  8.4","24","  8.2","24"," 11.1","999.9","  77.0","*","  62.6"," "," 0.00","I","999.9","000000"
"67341099999","2024-07-22","-25.920836","32.572606","44.19","MAPUTO, MZ","  68.4","24","  61.7","24","1020.3"," 7","999.9"," 0","  8.0","24","  5.7","24"," 11.1","999.9","  80.6","*","  57.9"," "," 0.00","I","999.9","000000"
"67341099999","2024-07-23","-25.920836","32.572606","44.19","MAPUTO, MZ","  70.6","23","  64.9","23","1022.5"," 8","999.9"," 0","  8.4","23","  6.7","23","  9.9","999.9","  77.0","*","  64.4","*"," 0.00","I","999.9","000000"
"67341099999","2024-07-24","-25.920836","32.572606","44.19","MAPUTO, MZ","  72.6","23","  60.4","23","1016.9"," 8","999.9"," 0","  8.4","23"," 10.1","23"," 14.0"," 26.0","  89.8","*","  62.4"," "," 0.00","I","999.9","000000"
"67341099999","2024-07-25","-25.920836","32.572606","44.19","MAPUTO, MZ","  68.0","24","  56.2","24","1019.7"," 8","999.9"," 0","  8.3","24","  9.8","24"," 15.0","999.9","  75.2","*","  60.8","*"," 0.00","I","999.9","000000"
"67341099999","2024-07-26","-25.920836","32.572606","44.19","MAPUTO, MZ","  68.0","24","  55.3","24","1017.5"," 8","999.9"," 0","  7.9","24","  6.5","24"," 13.0","999.9","  80.6","*","  55.4"," "," 0.00","I","999.9","000000"
"67341099999","2024-07-27","-25.920836","32.572606","44.19","MAPUTO, MZ","  70.6","24","  62.1","24","1014.9"," 7","999.9"," 0","  7.9","24","  9.0","24"," 15.0","999.9","  81.1"," ","  62.4"," "," 0.00","I","999.9","000000"
"67341099999","2024-07-28","-25.920836","32.572606","44.19","MAPUTO, MZ","  73.2","23","  58.9","23","1011.6"," 7","999.9"," 0","  8.2","23","  9.4","23"," 18.1","999.9","  89.6","*","  64.4"," "," 0.00","I","999.9","000000"
"67341099999","2024-07-29","-25.920836","32.572606","44.19","MAPUTO, MZ","  66.6","24","  55.4","22","1019.6"," 6","999.9"," 0","  7.6","24","  8.6","24"," 14.0","999.9","  78.8","*","  57.2","*"," 0.00","I","999.9","000000"
"67341099999","2024-07-30","-25.920836","32.572606","44.19","MAPUTO, MZ","  68.8","24","  56.4","24","1018.7"," 8","999.9"," 0","  8.3","24","  8.3","24"," 15.0"," 27.0","  80.6","*","  56.7"," "," 0.00","I","999.9","000000"
"67341099999","2024-07-31","-25.920836","32.572606","44.19","MAPUTO, MZ","  66.5","23","  54.2","22","1024.9"," 7","999.9"," 0","  8.1","23","  8.0","23"," 13.0","999.9","  71.6","*","  57.2","*"," 0.00","I","999.9","000000"
"67341099999","2024-08-01","-25.920836","32.572606","44.19","MAPUTO, MZ","  65.8","24","  59.0","24","1026.1"," 6","999.9"," 0","  7.9","24","  4.3","24","  8.0","999.9","  73.6","*","  55.9"," "," 0.00","I","999.9","000000"
"67341099999","2024-08-02","-25.920836","32.572606","44.19","MAPUTO, MZ","  70.9","23","  58.3","23","1020.7"," 7","999.9"," 0","  8.0","23","  9.7","23"," 18.1"," 27.0","  82.4","*","  60.6"," "," 0.00","I","999.9","000000"
"67341099999","2024-08-03","-25.920836","32.572606","44.19","MAPUTO, MZ","  69.6","22","  61.9","22","1020.9"," 7","999.9"," 0","  7.5","22","  6.7","22"," 11.1","999.9","  77.0","*","  63.0"," "," 0.00","I","999.9","000000"
"67341099999","2024-08-04","-25.920836","32.572606","44.19","MAPUTO, MZ","  74.7","23","  55.9","23","1014.2"," 7","999.9"," 0","  6.3","23"," 10.1","23"," 15.0"," 26.0","  86.0","*","  63.1"," "," 0.00","I","999.9","100000"
"67341099999","2024-08-05","-25.920836","32.572606","44.19","MAPUTO, MZ","  68.7","24","  57.5","24","1019.8"," 8","999.9"," 0","  8.4","24"," 10.6","24"," 17.1","999.9","  84.2","*","  60.8","*"," 0.00","I","999.9","000000"
"67341099999","2024-08-06","-25.920836","32.572606","44.19","MAPUTO, MZ","  66.8","24","  56.0","24","1022.1"," 7","999.9"," 0","  8.0","24","  6.7","24"," 13.0","999.9","  77.7"," ","  55.4","*"," 0.00","I","999.9","000000"
"67341099999","2024-08-07","-25.920836","32.572606","44.19","MAPUTO, MZ","  67.9","24","  57.6","24","1020.2"," 6","999.9"," 0","  8.4","24","  7.5","24"," 13.0","999.9","  80.6","*","  57.2","*"," 0.00","I","999.9","000000"
"67341099999","2024-08-08","-25.920836","32.572606","44.19","MAPUTO, MZ","  73.6","24","  55.3","24","1015.7"," 8","999.9"," 0","  8.3","24","  9.1","24"," 14.0","999.9","  87.8","*","  59.0","*"," 0.00","I","999.9","000000"
"67341099999","2024-08-09","-25.920836","32.572606","44.19","MAPUTO, MZ","  78.1","24","  55.5","24","1012.0"," 8","999.9"," 0","  8.2","24"," 11.4","24"," 15.9","999.9","  95.0","*","  66.2","*"," 0.00","I","999.9","000000"
"67341099999","2024-08-10","-25.920836","32.572606","44.19","MAPUTO, MZ","  72.2","23","  56.0","23","1015.5"," 8","999.9"," 0","  6.8","23","  6.0","23"," 11.1","999.9","  84.2","*","  60.8","*"," 0.00","I","999.9","100000"
"67341099999","2024-08-11","-25.920836","32.572606","44.19","MAPUTO, MZ","  79.5","20","  52.4","20","1012.1"," 6","999.9"," 0","  7.5","20"," 10.1","20"," 20.0"," 29.9"," 100.4","*","  65.3"," "," 0.00","I","999.9","000000"
"67341099999","2024-08-13","-25.920836","32.572606","44.19","MAPUTO, MZ","  71.9","24","  61.3","24","1018.0"," 6","999.9"," 0","  7.7","24","  8.6","24"," 15.0","999.9","  80.6","*","  63.3"," "," 0.00","I","999.9","000000"
"67341099999","2024-08-14","-25.920836","32.572606","44.19","MAPUTO, MZ","  74.1","24","  58.0","23","1013.3"," 7","999.9"," 0","  8.2","24","  9.6","24"," 21.0"," 32.1","  95.0","*","  66.2","*"," 0.00","I","999.9","000000"
"67341099999","2024-08-15","-25.920836","32.572606","44.19","MAPUTO, MZ","  70.5","23","  60.4","23","1024.0"," 8","999.9"," 0","  8.3","23","  8.0","20"," 15.0","999.9","  78.8","*","  59.4"," "," 0.00","I","999.9","000000"
"67341099999","2024-08-16","-25.920836","32.572606","44.19","MAPUTO, MZ","  70.7","24","  59.9","24","1023.5"," 8","999.9"," 0","  8.4","24","  8.5"," 4"," 11.1","999.9","  84.2","*","  60.6"," "," 0.00","I","999.9","000000"
"67341099999","2024-08-17","-25.920836","32.572606","44.19","MAPUTO, MZ","  71.2","24","  58.5","24","1020.9"," 8","999.9"," 0","  8.4","24"," 11.3","24"," 17.1","999.9","  87.8","*","  59.0","*"," 0.00","I","999.9","000000"
"67341099999","2024-08-18","-25.920836","32.572606","44.19","MAPUTO, MZ","  71.4","22","  60.9","21","1021.3"," 7","999.9"," 0","  7.8","22","  9.9","22"," 17.1","999.9","  87.8","*","  60.8","*"," 0.00","I","999.9","000000"
"67341099999","2024-08-19","-25.920836","32.572606","44.19","MAPUTO, MZ","  70.3","24","  62.4","24","1025.7"," 8","999.9"," 0","  8.2","24","  5.2","23"," 14.0","999.9","  79.0","*","  62.6","*","99.99"," ","999.9","010000"
"67341099999","2024-08-20","-25.920836","32.572606","44.19","MAPUTO, MZ","  71.3","20","  60.6","20","1025.5"," 7","999.9"," 0","  8.0","20","  7.2","20"," 12.0","999.9","  79.2","*","  60.6"," "," 0.00","I","999.9","000000"
"67341099999","2024-08-21","-25.920836","32.572606","44.19","MAPUTO, MZ","  73.7","23","  57.2","23","1020.4"," 6","999.9"," 0","  7.2","23"," 10.2","23"," 15.0","999.9","  87.8","*","  60.8"," "," 0.00","I","999.9","000000"
"67341099999","2024-08-22","-25.920836","32.572606","44.19","MAPUTO, MZ","  68.8","24","  55.8","24","1026.2"," 6","999.9"," 0","  7.7","24"," 13.2","24"," 17.1"," 26.0","  73.4","*","  64.4","*"," 0.00","I","999.9","000000"
"67341099999","2024-08-23","-25.920836","32.572606","44.19","MAPUTO, MZ","  63.8","24","  54.8","24","1028.3"," 7","999.9"," 0","  7.8","23","  7.9","24"," 15.0","999.9","  69.8","*","  58.6"," ","99.99"," ","999.9","010000"
"67341099999","2024-08-24","-25.920836","32.572606","44.19","MAPUTO, MZ","  68.0","24","  54.8","24","1024.4"," 8","999.9"," 0","  8.3","24"," 11.5","24"," 17.1","999.9","  78.8","*","  58.6"," "," 0.00","I","999.9","000000"
"67341099999","2024-08-25","-25.920836","32.572606","44.19","MAPUTO, MZ","  68.9","24","  58.7","24","1021.1"," 8","999.9"," 0","  8.3","24","  8.8","24"," 15.0"," 25.1","  82.4","*","  55.0"," "," 0.00","I","999.9","000000"
"67341099999","2024-08-26","-25.920836","32.572606","44.19","MAPUTO, MZ","  74.5","24","  55.3","24","1015.8"," 7","999.9"," 0","  8.4","24"," 10.1","24"," 15.9","999.9","  87.8","*","  59.0","*"," 0.00","I","999.9","000000"
"67341099999","2024-08-27","-25.920836","32.572606","44.19","MAPUTO, MZ","  81.7","24","  46.3","24","1010.6"," 8","999.9"," 0","  8.3","24"," 13.0","24"," 17.1","999.9","  97.7","*","  63.9"," "," 0.00","I","999.9","000000"
"67341099999","2024-08-28","-25.920836","32.572606","44.19","MAPUTO, MZ","  75.2","24","  58.1","24","1014.2"," 7","999.9"," 0","  7.4","24"," 13.1","24"," 18.1"," 29.9","  91.4","*","  68.0","*"," 0.00","I","999.9","000000"
"67341099999","2024-08-29","-25.920836","32.572606","44.19","MAPUTO, MZ","  64.2","24","  55.2","24","1025.8"," 8","999.9"," 0","  8.2","24"," 14.6","24"," 19.0","999.9","  69.8","*","  59.0","*","99.99"," ","999.9","010000"
"67341099999","2024-08-30","-25.920836","32.572606","44.19","MAPUTO, MZ","  59.5","24","  57.1","24","1032.2"," 8","999.9"," 0","  6.2","20"," 13.0","24"," 18.1","999.9","  62.6","*","  55.4","*","99.99"," ","999.9","010000"
"67341099999","2024-08-31","-25.920836","32.572606","44.19","MAPUTO, MZ","  63.5","24","  54.0","24","1032.8"," 8","999.9"," 0","  8.3","24","  5.5","24"," 15.9","999.9","  73.4","*","  57.2","*","99.99"," ","999.9","010000"
"67341099999","2024-09-01","-25.920836","32.572606","44.19","MAPUTO, MZ","  64.8","23","  52.0","22","1028.3"," 8","999.9"," 0","  7.4","23","  6.0","23"," 13.0","999.9","  77.9","*","  51.6"," "," 0.00","I","999.9","000000"
"67341099999","2024-09-02","-25.920836","32.572606","44.19","MAPUTO, MZ","  67.0","24","  57.6","24","9999.9"," 0","999.9"," 0","  7.0","24","  4.6","24"," 11.1","999.9","  77.0","*","  56.8"," "," 0.00","I","999.9","000000"
"67341099999","2024-09-03","-25.920836","32.572606","44.19","MAPUTO, MZ","  69.3","23","  59.3","23","1026.4"," 6","999.9"," 0","  8.0","23","  6.9","23"," 13.0","999.9","  77.0","*","  60.8","*"," 0.00","I","999.9","000000"
"67341099999","2024-09-04","-25.920836","32.572606","44.19","MAPUTO, MZ","  70.0","23","  57.7","23","1022.5"," 7","999.9"," 0","  8.1","23"," 10.3","23"," 17.1","999.9","  82.4","*","  59.0"," "," 0.00","I","999.9","000000"
"67341099999","2024-09-05","-25.920836","32.572606","44.19","MAPUTO, MZ","  74.0","22","  57.8","22","1017.5"," 8","999.9"," 0","  8.1","22"," 11.1","22"," 15.9","999.9","  89.8","*","  59.9"," "," 0.00","I","999.9","000000"
"67341099999","2024-09-06","-25.920836","32.572606","44.19","MAPUTO, MZ","  71.7","24","  63.0","24","1021.5"," 4","999.9"," 0","  6.9","24","  9.3","24","999.9","999.9","  82.4","*","  62.6","*"," 0.00","I","999.9","100000"
"67341099999","2024-09-07","-25.920836","32.572606","44.19","MAPUTO, MZ","  72.8","22","  64.6","22","1021.1"," 7","999.9"," 0","  8.2","22","  8.7","22"," 17.1","999.9","  84.4","*","  62.6","*"," 0.00","I","999.9","000000"
"67341099999","2024-09-08","-25.920836","32.572606","44.19","MAPUTO, MZ","  81.1","23","  57.1","23","1013.3"," 6","999.9"," 0","  8.1","23"," 12.2","23"," 21.0"," 31.1","  98.6","*","  68.5"," "," 0.00","I","999.9","000000"
"67341099999","2024-09-09","-25.920836","32.572606","44.19","MAPUTO, MZ","  66.4","23","  54.9","23","1024.8"," 8","999.9"," 0","  8.4","23"," 16.6","23"," 21.0"," 31.1","  71.6","*","  60.8","*"," 0.00","I","999.9","000000"
"67341099999","2024-09-10","-25.920836","32.572606","44.19","MAPUTO, MZ","  62.7","24","  55.9","24","1026.5"," 8","999.9"," 0","  7.6","24"," 11.0","24"," 17.1","999.9","  66.2","*","  57.2","*","99.99"," ","999.9","010000"
"67341099999","2024-09-11","-25.920836","32.572606","44.19","MAPUTO, MZ","  70.2","24","  62.4","24","1021.2"," 6","999.9"," 0","  7.7","24","  8.4","24"," 13.0","999.9","  78.8","*","  63.5"," "," 0.00","I","999.9","000000"
"67341099999","2024-09-12","-25.920836","32.572606","44.19","MAPUTO, MZ","  76.2","24","  65.3","24","1016.1"," 7","999.9"," 0","  8.1","24"," 11.5","24"," 19.0","999.9","  91.4","*","  67.1"," "," 0.00","I","999.9","000000"
"67341099999","2024-09-13","-25.920836","32.572606","44.19","MAPUTO, MZ","  74.6","16","  65.2","16","1016.5"," 5","999.9"," 0","  8.1","16","  8.6","16"," 15.0","999.9","  89.6","*","  67.6"," "," 0.00","I","999.9","000000"
"67341099999","2024-09-14","-25.920836","32.572606","44.19","MAPUTO, MZ","  73.5","24","  66.1","24","1016.9"," 7","999.9"," 0","  7.8","24"," 10.3","24"," 15.0","999.9","  80.6","*","  68.7"," "," 0.00","I","999.9","000000"
"67341099999","2024-09-15","-25.920836","32.572606","44.19","MAPUTO, MZ","  72.0","24","  64.5","24","1016.0"," 8","999.9"," 0","  8.3","24","  8.2","24"," 13.0","999.9","  78.8","*","  67.3","*"," 0.00","I","999.9","000000"
"67341099999","2024-09-16","-25.920836","32.572606","44.19","MAPUTO, MZ","  72.3","23","  68.3","23","1017.3"," 8","999.9"," 0","  8.3","23","  7.0","23"," 11.1","999.9","  73.8","*","  69.1"," ","99.99"," ","999.9","010000"
"67341099999","2024-09-17","-25.920836","32.572606","44.19","MAPUTO, MZ","  74.6","24","  70.5","24","1019.5"," 8","999.9"," 0","  7.9","24","  7.4","24","  9.9","999.9","  79.0","*","  71.6","*","99.99"," ","999.9","010000"
"67341099999","2024-09-18","-25.920836","32.572606","44.19","MAPUTO, MZ","  77.5","24","  69.1","24","1010.9"," 8","999.9"," 0","  7.5","24","  7.7","24"," 14.0","999.9","  93.2","*","  71.4"," "," 0.00","I","999.9","100000"
"67341099999","2024-09-19","-25.920836","32.572606","44.19","MAPUTO, MZ","  73.8","23","  63.8","23","1010.6"," 7","999.9"," 0","  8.1","23"," 13.7","23"," 22.9"," 36.9","  82.4","*","  66.2","*"," 0.00","I","999.9","000000"
"67341099999","2024-09-20","-25.920836","32.572606","44.19","MAPUTO, MZ","  62.3","21","  53.8","21","1023.5"," 7","999.9"," 0","  7.1","21"," 18.0","21"," 21.0"," 29.9","  66.4","*","  57.2","*","99.99"," ","999.9","010000"
"67341099999","2024-09-21","-25.920836","32.572606","44.19","MAPUTO, MZ","  56.9","23","  54.9","23","1027.3"," 8","999.9"," 0","  5.8","23"," 17.4","23"," 21.0","999.9","  59.0","*","  55.2"," ","99.99"," ","999.9","010000"
"67341099999","2024-09-22","-25.920836","32.572606","44.19","MAPUTO, MZ","  64.0","23","  51.1","23","1029.6"," 8","999.9"," 0","  8.4","23"," 12.1","23"," 17.1","999.9","  71.6","*","  53.6","*"," 0.00","I","999.9","000000"
"67341099999","2024-09-23","-25.920836","32.572606","44.19","MAPUTO, MZ","  64.9","24","  52.5","24","1027.7"," 8","999.9"," 0","  8.3","24","  6.9","24"," 11.1","999.9","  73.4","*","  53.6","*"," 0.00","I","999.9","000000"
"67341099999","2024-09-24","-25.920836","32.572606","44.19","MAPUTO, MZ","  69.4","23","  57.6","23","1020.2"," 8","999.9"," 0","  8.2","23","  9.1","23"," 17.1","999.9","  80.6","*","  56.5"," "," 0.00","I","999.9","000000"
"67341099999","2024-09-25","-25.920836","32.572606","44.19","MAPUTO, MZ","  74.5","23","  60.9","23","1014.1"," 8","999.9"," 0","  8.3","23"," 10.8","23"," 17.1","999.9","  87.8","*","  65.5"," "," 0.00","I","999.9","000000"
"67341099999","2024-09-26","-25.920836","32.572606","44.19","MAPUTO, MZ","  79.8","24","  59.6","24","1011.3"," 7","999.9"," 0","  8.4","24"," 11.5","24"," 20.0"," 31.1","  98.6","*","  63.7","*"," 0.00","I","999.9","000000"
"67341099999","2024-09-27","-25.920836","32.572606","44.19","MAPUTO, MZ","  71.2","24","  59.6","24","1016.2"," 8","999.9"," 0","  8.3","24"," 10.4","24"," 15.0","999.9","  78.8","*","  64.4","*"," 0.00","I","999.9","000000"
"67341099999","2024-09-28","-25.920836","32.572606","44.19","MAPUTO, MZ","  71.7","22","  63.3","22","1012.4"," 8","999.9"," 0","  8.4","22","  8.0","22"," 15.9","999.9","  78.8","*","  60.3"," "," 0.00","I","999.9","000000"
"67341099999","2024-09-29","-25.920836","32.572606","44.19","MAPUTO, MZ","  80.4","24","  65.0","24","1005.7"," 7","999.9"," 0","  8.3","24"," 13.5","24"," 22.9"," 34.0","  98.6","*","  68.0","*","99.99"," ","999.9","010010"
"67341099999","2024-09-30","-25.920836","32.572606","44.19","MAPUTO, MZ","  66.8","24","  59.6","24","1012.3"," 8","999.9"," 0","  8.1","23"," 11.3","24"," 18.1","999.9","  71.6","*","  62.6","*","99.99"," ","999.9","010000"
"67341099999","2024-10-01","-25.920836","32.572606","44.19","MAPUTO, MZ","  66.1","23","  50.2","23","1021.4"," 7","999.9"," 0","  8.1","23"," 13.0","23"," 19.0","999.9","  73.8","*","  57.2","*"," 0.00","I","999.9","000000"
"67341099999","2024-10-02","-25.920836","32.572606","44.19","MAPUTO, MZ","  65.8","24","  52.4","24","1028.9"," 8","999.9"," 0","  8.3","24"," 11.2","24"," 15.9","999.9","  73.4","*","  55.8"," "," 0.00","I","999.9","000000"
"67341099999","2024-10-03","-25.920836","32.572606","44.19","MAPUTO, MZ","  67.6","23","  53.0","23","1032.5"," 7","999.9"," 0","  8.1","23"," 12.3","23"," 18.1"," 26.0","  75.2","*","  58.5","*","99.99"," ","999.9","010000"
"67341099999","2024-10-04","-25.920836","32.572606","44.19","MAPUTO, MZ","  67.1","24","  52.6","24","1032.6"," 7","999.9"," 0","  8.0","24","  8.5","24"," 14.0"," 24.1","  75.6","*","  57.0"," "," 0.00","I","999.9","000000"
"67341099999","2024-10-05","-25.920836","32.572606","44.19","MAPUTO, MZ","  68.8","24","  56.0","24","1026.5"," 6","999.9"," 0","  7.7","24","  8.0","24"," 15.0","999.9","  78.8","*","  57.9"," "," 0.00","I","999.9","000000"
"67341099999","2024-10-06","-25.920836","32.572606","44.19","MAPUTO, MZ","  71.1","24","  58.9","24","1018.5"," 8","999.9"," 0","  8.4","24","  9.4","24"," 18.1","999.9","  86.0","*","  60.1"," "," 0.00","I","999.9","000000"
"67341099999","2024-10-07","-25.920836","32.572606","44.19","MAPUTO, MZ","  74.0","24","  58.0","24","1015.8"," 7","999.9"," 0","  7.4","24"," 12.0","24"," 22.0"," 32.1","  91.4","*","  59.0","*"," 0.00","I","999.9","000000"
"67341099999","2024-10-08","-25.920836","32.572606","44.19","MAPUTO, MZ","  72.6","24","  63.5","24","1023.9"," 8","999.9"," 0","  8.3","24"," 11.5","24"," 18.1","999.9","  80.6","*","  65.7"," "," 0.00","I","999.9","000000"
"67341099999","2024-10-09","-25.920836","32.572606","44.19","MAPUTO, MZ","  73.4","23","  66.4","23","1023.2"," 7","999.9"," 0","  8.1","23","  7.7","23"," 17.1","999.9","  81.5","*","  66.9"," "," 0.00","I","999.9","000000"
"67341099999","2024-10-10","-25.920836","32.572606","44.19","MAPUTO, MZ","  74.6","24","  64.4","24","1020.5"," 5","999.9"," 0","  7.5","24"," 11.5","24"," 20.0","999.9","  84.2","*","  65.5","*"," 0.00","I","999.9","000000"
"67341099999","2024-10-11","-25.920836","32.572606","44.19","MAPUTO, MZ","  75.7","24","  63.5","24","1019.3"," 7","999.9"," 0","  8.0","24"," 10.8","24"," 18.1","999.9","  86.0","*","  64.4","*"," 0.00","I","999.9","000000"
"67341099999","2024-10-12","-25.920836","32.572606","44.19","MAPUTO, MZ","  75.4","24","  68.6","24","1019.8"," 7","999.9"," 0","  8.0","24","  7.7","24"," 14.0","999.9","  82.4","*","  69.3"," "," 0.00","I","999.9","000000"
"67341099999","2024-10-13","-25.920836","32.572606","44.19","MAPUTO, MZ","  76.2","24","  68.5","22","1017.5"," 8","999.9"," 0","  7.9","24","  8.6","24"," 19.0","999.9","  84.2","*","  68.0"," "," 0.00","I","999.9","000000"
"67341099999","2024-10-14","-25.920836","32.572606","44.19","MAPUTO, MZ","  76.8","23","  65.0","23","1014.2"," 8","999.9"," 0","  7.4","23"," 12.4","23"," 25.1"," 35.0","  89.6","*","  67.8"," "," 0.00","I","999.9","000000"
"67341099999","2024-10-15","-25.920836","32.572606","44.19","MAPUTO, MZ","  68.5","24","  55.3","24","1023.6"," 8","999.9"," 0","  8.2","24"," 15.8","24"," 20.0"," 29.9","  82.4","*","  64.4","*","99.99"," ","999.9","010000"
"67341099999","2024-10-16","-25.920836","32.572606","44.19","MAPUTO, MZ","  67.8","24","  53.6","24","1025.7"," 8","999.9"," 0","  8.3","24"," 11.0","24"," 15.9","999.9","  73.4","*","  59.0","*"," 0.00","I","999.9","000000"
"67341099999","2024-10-17","-25.920836","32.572606","44.19","MAPUTO, MZ","  69.9","22","  55.9","22","1019.4"," 7","999.9"," 0","  8.2","22"," 10.1","22","999.9","999.9","  78.8","*","  55.4","*"," 0.00","I","999.9","000000"
"67341099999","2024-10-18","-25.920836","32.572606","44.19","MAPUTO, MZ","  72.9","23","  59.6","23","1012.8"," 8","999.9"," 0","  8.4","23"," 11.6","23"," 20.0","999.9","  86.0","*","  59.0","*"," 0.00","I","999.9","000010"
"67341099999","2024-10-19","-25.920836","32.572606","44.19","MAPUTO, MZ","  74.0","24","  63.8","24","1014.2"," 7","999.9"," 0","  8.0","24","  8.0","24"," 15.0","999.9","  80.6","*","  64.9"," "," 0.00","I","999.9","000000"
"67341099999","2024-10-20","-25.920836","32.572606","44.19","MAPUTO, MZ","  74.4","24","  66.3","24","1018.2"," 7","999.9"," 0","  7.9","24","  7.5","24"," 12.0","999.9","  79.2","*","  69.6"," ","99.99"," ","999.9","010010"
"67341099999","2024-10-21","-25.920836","32.572606","44.19","MAPUTO, MZ","  72.7","21","  67.9","21","1020.1"," 6","999.9"," 0","  7.2","21","  6.4","21"," 11.1","999.9","  77.0","*","  68.0","*","99.99"," ","999.9","010010"
"67341099999","2024-10-22","-25.920836","32.572606","44.19","MAPUTO, MZ","  77.8","23","  68.8","23","1015.2"," 4","999.9"," 0","  6.9","23","  9.4","23"," 18.1"," 28.0","  89.6","*","  71.6","*","99.99"," ","999.9","010010"
"67341099999","2024-10-23","-25.920836","32.572606","44.19","MAPUTO, MZ","  70.7","23","  65.0","23","1017.2"," 6","999.9"," 0","  6.4","23","  8.1","23"," 15.0","999.9","  75.2","*","  66.9"," ","99.99"," ","999.9","010010"
"67341099999","2024-10-24","-25.920836","32.572606","44.19","MAPUTO, MZ","  74.7","24","  65.8","24","1014.3"," 6","999.9"," 0","  7.7","24","  8.4","24"," 15.0","999.9","  82.4","*","  67.5"," ","99.99"," ","999.9","010000"
"67341099999","2024-10-25","-25.920836","32.572606","44.19","MAPUTO, MZ","  77.2","24","  68.7","24","1012.9"," 8","999.9"," 0","  8.2","24","  8.7","24"," 18.1","999.9","  87.8","*","  69.3"," "," 0.00","I","999.9","000000"
"67341099999","2024-10-26","-25.920836","32.572606","44.19","MAPUTO, MZ","  71.7","24","  66.5","24","1014.5"," 7","999.9"," 0","  7.9","24","  9.2","24"," 17.1","999.9","  75.2","*","  69.3","*","99.99"," ","999.9","010010"
"67341099999","2024-10-27","-25.920836","32.572606","44.19","MAPUTO, MZ","  77.4","22","  69.2","22","1007.1"," 5","999.9"," 0","  7.5","22","  9.8","22"," 19.0"," 34.0","  91.4","*","  67.1"," ","99.99"," ","999.9","010010"
"67341099999","2024-10-28","-25.920836","32.572606","44.19","MAPUTO, MZ","  82.2","24","  69.1","24","1004.6"," 5","999.9"," 0","  7.8","24","  8.2","23"," 17.1"," 24.1","  99.5","*","  71.8"," ","99.99"," ","999.9","010010"
"67341099999","2024-10-29","-25.920836","32.572606","44.19","MAPUTO, MZ","  74.8","24","  68.8","24","1007.5"," 6","999.9"," 0","  7.3","24","  9.7","24"," 15.9","999.9","  80.6","*","  71.1"," "," 0.00","I","999.9","000010"
"67341099999","2024-10-30","-25.920836","32.572606","44.19","MAPUTO, MZ","  74.8","24","  63.0","24","1014.8"," 7","999.9"," 0","  8.0","24"," 12.5","24"," 15.9"," 27.0","  80.6","*","  68.7"," "," 0.00","I","999.9","000000"
"67341099999","2024-10-31","-25.920836","32.572606","44.19","MAPUTO, MZ","  73.6","24","  62.0","23","1021.2"," 7","999.9"," 0","  8.0","24","  9.3","24"," 14.0","999.9","  80.6","*","  68.4"," "," 0.00","I","999.9","000000"
"67341099999","2024-11-01","-25.920836","32.572606","44.19","MAPUTO, MZ","  75.5","20","  64.8","20","1017.7"," 7","999.9"," 0","  8.4","20","  9.1","20"," 15.9","999.9","  82.4","*","  69.3","*"," 0.00","I","999.9","000000"
"67341099999","2024-11-02","-25.920836","32.572606","44.19","MAPUTO, MZ","  78.6","24","  68.1","24","1013.5"," 8","999.9"," 0","  8.3","24"," 11.0","24"," 17.1","999.9","  91.4","*","  67.8"," "," 0.00","I","999.9","000000"
"67341099999","2024-11-03","-25.920836","32.572606","44.19","MAPUTO, MZ","  81.1","24","  68.5","24","1012.9"," 7","999.9"," 0","  8.3","24"," 11.6","24"," 18.1","999.9","  96.8","*","  71.6","*"," 0.00","I","999.9","000000"
"67341099999","2024-11-04","-25.920836","32.572606","44.19","MAPUTO, MZ","  80.6","22","  69.0","21","1011.7"," 5","999.9"," 0","  7.6","22"," 11.5","22"," 17.1"," 22.9","  91.4","*","  72.7"," "," 0.00","I","999.9","000000"
"67341099999","2024-11-05","-25.920836","32.572606","44.19","MAPUTO, MZ","  76.4","24","  67.3","24","1012.4"," 7","999.9"," 0","  8.0","24"," 10.1","24"," 17.1","999.9","  82.4","*","  69.8","*","99.99"," ","999.9","010000"
"67341099999","2024-11-06","-25.920836","32.572606","44.19","MAPUTO, MZ","  70.6","23","  59.8","23","9999.9"," 0","999.9"," 0","  6.4","23"," 11.6","23"," 18.1"," 26.0","  75.2","*","  64.4","*","99.99"," ","999.9","010000"
"67341099999","2024-11-07","-25.920836","32.572606","44.19","MAPUTO, MZ","  68.8","24","  61.0","24","1023.4"," 7","999.9"," 0","  7.2","21"," 10.2","24"," 13.0","999.9","  72.5","*","  66.2","*","99.99"," ","999.9","010000"
"67341099999","2024-11-08","-25.920836","32.572606","44.19","MAPUTO, MZ","  70.5","24","  65.7","24","1020.1"," 7","999.9"," 0","  7.6","22","  8.0","24"," 11.1","999.9","  77.0","*","  64.4","*"," 0.01","A","999.9","010000"
"67341099999","2024-11-09","-25.920836","32.572606","44.19","MAPUTO, MZ","  77.6","21","  68.5","21","1012.5"," 6","999.9"," 0","  8.0","21"," 10.0","21"," 18.1"," 22.0","  91.4","*","  68.4","*"," 0.00","I","999.9","000000"
"67341099999","2024-11-10","-25.920836","32.572606","44.19","MAPUTO, MZ","  76.2","24","  70.4","24","1011.6"," 5","999.9"," 0","  7.4","24","  6.2","24","  9.9","999.9","  80.6","*","  71.6","*","99.99"," ","999.9","010000"
"67341099999","2024-11-11","-25.920836","32.572606","44.19","MAPUTO, MZ","  74.2","24","  71.4","24","1016.0"," 6","999.9"," 0","  7.9","22","  6.5","23"," 11.1","999.9","  80.6","*","  69.8","*","99.99"," ","999.9","010000"
"67341099999","2024-11-12","-25.920836","32.572606","44.19","MAPUTO, MZ","  71.0","24","  68.7","24","1018.0"," 6","999.9"," 0","  6.6","24","  7.7","24"," 13.6","999.9","  75.2","*","  69.3","*","99.99"," ","999.9","010000"
"67341099999","2024-11-13","-25.920836","32.572606","44.19","MAPUTO, MZ","  75.7","24","  66.6","24","1016.7"," 8","999.9"," 0","  8.1","24"," 10.8","24"," 21.0"," 28.0","  86.0","*","  68.7"," "," 0.00","I","999.9","000000"
"67341099999","2024-11-14","-25.920836","32.572606","44.19","MAPUTO, MZ","  73.1","24","  60.1","24","1021.9"," 6","999.9"," 0","  8.0","24"," 12.4","24"," 19.0"," 28.9","  81.1"," ","  64.4","*"," 0.00","I","999.9","000000"
"67341099999","2024-11-15","-25.920836","32.572606","44.19","MAPUTO, MZ","  73.8","24","  62.7","24","1018.7"," 7","999.9"," 0","  8.0","24","  7.7","24"," 15.9","999.9","  82.4","*","  65.3","*"," 0.00","I","999.9","000000"
"67341099999","2024-11-16","-25.920836","32.572606","44.19","MAPUTO, MZ","  76.9","24","  66.4","24","1013.2"," 7","999.9"," 0","  8.0","24","  9.0","24"," 17.1","999.9","  89.6","*","  65.1"," "," 0.00","I","999.9","000000"
"67341099999","2024-11-17","-25.920836","32.572606","44.19","MAPUTO, MZ","  78.3","22","  68.1","22","1013.5"," 7","999.9"," 0","  8.2","22","  8.3","22"," 15.9","999.9","  86.0","*","  69.6"," "," 0.00","I","999.9","000000"
"67341099999","2024-11-22","-25.920836","32.572606","44.19","MAPUTO, MZ","  80.2","24","  71.0","24","1010.7"," 6","999.9"," 0","  7.8","24","  7.2","24"," 13.0","999.9","  87.8","*","  70.9"," "," 0.00","I","999.9","000000"
"67341099999","2024-11-23","-25.920836","32.572606","44.19","MAPUTO, MZ","  82.6","24","  73.0","24","1012.5"," 8","999.9"," 0","  8.3","24","  8.5","24"," 15.0","999.9","  91.4","*","  73.2"," "," 0.00","I","999.9","000000"
"67341099999","2024-11-24","-25.920836","32.572606","44.19","MAPUTO, MZ","  80.7","23","  72.3","23","1016.2"," 8","999.9"," 0","  8.4","23","  7.8","23"," 14.0","999.9","  88.2","*","  75.2","*","99.99"," ","999.9","010000"
"67341099999","2024-11-25","-25.920836","32.572606","44.19","MAPUTO, MZ","  81.4","24","  71.6","24","1011.6"," 6","999.9"," 0","  8.3","24"," 10.5","24"," 21.0"," 27.0","  91.4","*","  73.4","*"," 0.00","I","999.9","000000"
"67341099999","2024-11-26","-25.920836","32.572606","44.19","MAPUTO, MZ","  82.9","23","  69.9","23","1007.8"," 5","999.9"," 0","  7.6","23"," 11.5","23"," 20.0","999.9","  96.8","*","  70.9"," "," 0.00","I","999.9","000000"
"67341099999","2024-11-27","-25.920836","32.572606","44.19","MAPUTO, MZ","  82.1","22","  71.3","22","1007.5"," 7","999.9"," 0","  7.4","19"," 11.5","20"," 26.0","999.9","  98.6","*","  68.0","*","99.99"," ","999.9","010010"
"67341099999","2024-11-28","-25.920836","32.572606","44.19","MAPUTO, MZ","  72.6","23","  65.5","22","1013.2"," 6","999.9"," 0","  7.6","22"," 14.0","23"," 19.0"," 29.9","  80.6","*","  66.2","*","99.99"," ","999.9","010000"
"67341099999","2024-11-29","-25.920836","32.572606","44.19","MAPUTO, MZ","  74.2","21","  57.6","20","1020.2"," 8","999.9"," 0","  9.3","21"," 12.1","21"," 17.1","999.9","  82.4","*","  66.7"," "," 0.00","I","999.9","000000"
"67341099999","2024-11-30","-25.920836","32.572606","44.19","MAPUTO, MZ","  75.8","22","  61.5","22","1019.7"," 8","999.9"," 0","  8.8","22","  8.6","22"," 15.0","999.9","  82.4","*","  68.7"," "," 0.00","I","999.9","000000"
"67341099999","2024-12-02","-25.920836","32.572606","44.19","MAPUTO, MZ","  78.4","24","  67.4","24","1010.5"," 6","999.9"," 0","  7.7","24"," 10.7","24"," 19.0"," 26.0","  86.0","*","  69.3"," ","99.99"," ","999.9","010010"
"67341099999","2024-12-03","-25.920836","32.572606","44.19","MAPUTO, MZ","  80.7","18","  70.3","18","1008.2"," 4","999.9"," 0","  7.6","18","  9.6","18"," 19.0","999.9","  91.4","*","  72.3"," "," 0.00","I","999.9","000000"
"67341099999","2024-12-04","-25.920836","32.572606","44.19","MAPUTO, MZ","  81.4","24","  72.4","23","1008.4"," 6","999.9"," 0","  7.6","24","  8.0","23"," 18.1","999.9","  90.0","*","  74.5"," "," 0.00","I","999.9","000010"
"67341099999","2024-12-05","-25.920836","32.572606","44.19","MAPUTO, MZ","  86.6","23","  67.9","23","1006.4"," 7","999.9"," 0","  8.3","23"," 11.9","22"," 27.0"," 36.9"," 102.2","*","  76.1"," ","99.99"," ","999.9","010010"
"67341099999","2024-12-06","-25.920836","32.572606","44.19","MAPUTO, MZ","  82.4","23","  72.2","22","1008.4"," 7","999.9"," 0","  8.1","23"," 11.0","23"," 15.0","999.9","  89.6","*","  77.0","*"," 0.00","I","999.9","000000"
"67341099999","2024-12-07","-25.920836","32.572606","44.19","MAPUTO, MZ","  80.2","23","  67.7","23","1015.9"," 8","999.9"," 0","  8.4","23"," 13.0","23"," 17.1","999.9","  86.4","*","  75.2","*"," 0.00","I","999.9","000000"
"67341099999","2024-12-08","-25.920836","32.572606","44.19","MAPUTO, MZ","  79.9","24","  71.3","24","1016.8"," 8","999.9"," 0","  8.3","24","  8.2","24"," 15.9","999.9","  86.4","*","  72.7"," ","99.99"," ","999.9","010000"
"67341099999","2024-12-09","-25.920836","32.572606","44.19","MAPUTO, MZ","  83.3","24","  75.3","24","9999.9"," 0","999.9"," 0","  7.0","24","  8.4","24"," 15.0","999.9","  89.6","*","  78.8","*"," 0.00","I","999.9","000000"
"67341099999","2024-12-10","-25.920836","32.572606","44.19","MAPUTO, MZ","  83.3","23","  74.1","23","9999.9"," 0","999.9"," 0","  7.0","23"," 10.3","23"," 20.0","999.9","  93.2","*","  77.0","*"," 0.00","I","999.9","000000"
"67341099999","2024-12-11","-25.920836","32.572606","44.19","MAPUTO, MZ","  82.9","23","  72.8","23","1011.4"," 6","999.9"," 0","  7.8","23","  8.7","23"," 15.9","999.9","  89.6","*","  77.7"," "," 0.00","I","999.9","000000"
"67341099999","2024-12-12","-25.920836","32.572606","44.19","MAPUTO, MZ","  84.8","23","  73.3","23","1009.1"," 5","999.9"," 0","  7.6","23","  9.5","23"," 19.0","999.9","  93.2","*","  77.9"," "," 0.00","I","999.9","000000"
"67341099999","2024-12-13","-25.920836","32.572606","44.19","MAPUTO, MZ","  84.1","24","  74.8","24","1005.2"," 4","999.9"," 0","  6.9","24"," 10.9","24"," 21.0"," 29.9","  93.2","*","  75.2","*","99.99"," ","999.9","010010"
"67341099999","2024-12-14","-25.920836","32.572606","44.19","MAPUTO, MZ","  78.2","23","  65.1","23","1018.0"," 6","999.9"," 0","  7.8","23"," 12.3","23"," 15.9","999.9","  82.8","*","  73.2"," ","99.99"," ","999.9","010000"
"67341099999","2024-12-15","-25.920836","32.572606","44.19","MAPUTO, MZ","  79.6","24","  70.3","24","1015.1"," 7","999.9"," 0","  8.0","24","  8.2","24"," 17.1","999.9","  87.8","*","  73.4","*","99.99"," ","999.9","010000"
"67341099999","2024-12-16","-25.920836","32.572606","44.19","MAPUTO, MZ","  83.5","23","  72.4","23","1014.4"," 6","999.9"," 0","  7.8","23"," 10.5","23"," 17.1"," 27.0","  93.2","*","  75.2","*"," 0.00","I","999.9","000000"
"67341099999","2024-12-17","-25.920836","32.572606","44.19","MAPUTO, MZ","  84.2","24","  70.2","24","1012.3"," 5","999.9"," 0","  7.5","24","  8.8","24"," 14.0","999.9","  95.0","*","  75.2","*","99.99"," ","999.9","010010"
"67341099999","2024-12-18","-25.920836","32.572606","44.19","MAPUTO, MZ","  83.2","18","  75.8","18","1011.5"," 4","999.9"," 0","  7.6","18","  7.0","18"," 14.0","999.9","  89.8","*","  78.8","*"," 0.00","I","999.9","000000"
"67341099999","2024-12-19","-25.920836","32.572606","44.19","MAPUTO, MZ","  78.3","24","  73.3","24","1014.6"," 8","999.9"," 0","  7.9","24"," 11.3","24"," 15.0","999.9","  82.6","*","  75.2"," ","99.99"," ","999.9","010010"
"67341099999","2024-12-20","-25.920836","32.572606","44.19","MAPUTO, MZ","  76.7","24","  72.9","24","1016.7"," 7","999.9"," 0","  7.7","21","  5.6","24"," 14.0","999.9","  80.8","*","  73.0"," ","99.99"," ","999.9","010000"
"67341099999","2024-12-21","-25.920836","32.572606","44.19","MAPUTO, MZ","  80.6","24","  75.4","24","9999.9"," 0","999.9"," 0","  6.7","24","  5.5","24"," 11.1","999.9","  86.0","*","  77.0","*","99.99"," ","999.9","010000"
"67341099999","2024-12-22","-25.920836","32.572606","44.19","MAPUTO, MZ","  82.2","24","  75.7","24","1011.5"," 6","999.9"," 0","  7.6","24","  6.2","24"," 13.0","999.9","  95.0","*","  77.0","*","99.99"," ","999.9","010010"
"67341099999","2024-12-23","-25.920836","32.572606","44.19","MAPUTO, MZ","  84.3","24","  73.3","24","1006.7"," 6","999.9"," 0","  7.5","24","  9.6","24"," 21.0"," 34.0","  98.6","*","  67.3"," ","99.99"," ","999.9","010010"
"67341099999","2024-12-24","-25.920836","32.572606","44.19","MAPUTO, MZ","  76.3","24","  68.0","24","1017.7"," 6","999.9"," 0","  7.8","24"," 12.7","24"," 19.0","999.9","  78.8","*","  71.2"," "," 0.00","I","999.9","000000"
"67341099999","2024-12-25","-25.920836","32.572606","44.19","MAPUTO, MZ","  78.6","21","  67.2","21","1020.8"," 6","999.9"," 0","  8.0","21"," 10.3","18"," 12.0","999.9","  84.2","*","  72.5"," "," 0.00","I","999.9","000000"
